time,Gyroscope[x] Deg/sec,Gyroscope[y] Deg/sec,Gyroscope[z] Deg/sec,,,,time,Gravity[x] m/sec^2,Gravity[y] m/sec^2,Gravity[z] m/sec^2,,,,time,Acceleration[x] cm/sec^2,Acceleration[y] cm/sec^2,Acceleration[z] cm/sec^2,,,,time,Orientation[x] Deg,Orientation[y] Deg,Orientation[z] Deg,,,,
15:09:46.365+0300,1.2950001,10.674999,-0.42000002,,,,15:09:46.367+0300,-0.010409166,9.564892,2.164057,,,,15:09:46.369+0300,2.0,-1.0,-3.0,,,,15:09:46.370+0300,282.74866,-0.062353138,103.197586,,,,
15:09:46.385+0300,1.2950001,10.674999,-0.42000002,,,,15:09:46.387+0300,-0.010409166,9.564892,2.164057,,,,15:09:46.388+0300,2.0,-1.0,-3.0,,,,15:09:46.389+0300,282.74866,-0.062353138,103.197586,,,,
15:09:46.405+0300,1.2950001,10.674999,-0.42000002,,,,15:09:46.407+0300,-0.010409166,9.564892,2.164057,,,,15:09:46.408+0300,2.0,-1.0,-3.0,,,,15:09:46.409+0300,282.74866,-0.062353138,103.197586,,,,
15:09:46.425+0300,1.2950001,10.674999,-0.42000002,,,,15:09:46.427+0300,-0.010409166,9.564892,2.164057,,,,15:09:46.428+0300,-5.0,-1.0,2.0,,,,15:09:46.434+0300,282.69073,0.08694644,103.3873,,,,
15:09:46.444+0300,1.6800001,2.1349998,-0.87499994,,,,15:09:46.446+0300,0.014518063,9.567075,2.1543617,,,,15:09:46.448+0300,-5.0,-1.0,2.0,,,,15:09:46.449+0300,282.69073,0.08694644,103.3873,,,,
15:09:46.464+0300,1.6800001,2.1349998,-0.87499994,,,,15:09:46.466+0300,0.014518063,9.567075,2.1543617,,,,15:09:46.471+0300,-5.0,-1.0,2.0,,,,15:09:46.472+0300,282.69073,0.08694644,103.3873,,,,
15:09:46.484+0300,1.7149999,4.62,-1.47,,,,15:09:46.486+0300,-0.031495795,9.575124,2.11812,,,,15:09:46.488+0300,4.0,0.0,0.0,,,,15:09:46.490+0300,282.47488,-0.18846437,103.25849,,,,
15:09:46.505+0300,1.7149999,4.62,-1.47,,,,15:09:46.506+0300,-0.031495795,9.575124,2.11812,,,,15:09:46.508+0300,3.0,0.0,0.0,,,,15:09:46.509+0300,282.47488,-0.18846437,103.25849,,,,
15:09:46.524+0300,1.7149999,4.62,-1.47,,,,15:09:46.526+0300,-0.031495795,9.575124,2.11812,,,,15:09:46.527+0300,3.0,0.0,0.0,,,,15:09:46.529+0300,282.47488,-0.18846437,103.25849,,,,
15:09:46.547+0300,-0.56,-0.035,0.105000004,,,,15:09:46.549+0300,-0.036926586,9.577149,2.1088457,,,,15:09:46.552+0300,5.0,-3.0,2.0,,,,15:09:46.553+0300,282.41995,-0.22091408,103.16392,,,,
15:09:46.564+0300,-0.9099999,-7.0699997,0.87499994,,,,15:09:46.565+0300,-0.025252808,9.576083,2.1138582,,,,15:09:46.566+0300,5.0,-2.0,2.0,,,,15:09:46.567+0300,282.44888,-0.15109266,103.120384,,,,
15:09:46.585+0300,-0.525,-6.65,1.225,,,,15:09:46.586+0300,7.154548E-4,9.5743885,2.1216743,,,,15:09:46.587+0300,2.0,1.0,-3.0,,,,15:09:46.589+0300,282.49475,0.004281479,103.15764,,,,
15:09:46.604+0300,-0.665,-5.7749996,0.9099999,,,,15:09:46.605+0300,0.013914252,9.573433,2.1259272,,,,15:09:46.606+0300,-5.0,-3.0,0.0,,,,15:09:46.606+0300,282.5205,0.08327497,103.18395,,,,
15:09:46.624+0300,0.07,-1.33,0.84000003,,,,15:09:46.626+0300,0.020477263,9.573006,2.127805,,,,15:09:46.629+0300,1.0,1.0,-2.0,,,,15:09:46.631+0300,282.532,0.1225591,103.222,,,,
15:09:46.644+0300,0.24499999,0.9099999,0.63,,,,15:09:46.646+0300,0.022557285,9.573072,2.127476,,,,15:09:46.648+0300,-2.0,-2.0,-2.0,,,,15:09:46.649+0300,282.52545,0.13995323,103.203094,,,,
15:09:46.664+0300,-0.035,2.94,0.525,,,,15:09:46.666+0300,0.023131285,9.573221,2.1268058,,,,15:09:46.667+0300,-3.0,0.0,-1.0,,,,15:09:46.668+0300,282.5262,0.1384406,103.15597,,,,
15:09:46.684+0300,0.21000001,1.9950001,0.14,,,,15:09:46.685+0300,0.021784838,9.573675,2.1247783,,,,15:09:46.686+0300,-1.0,-1.0,-2.0,,,,15:09:46.687+0300,282.51398,0.13037597,103.109055,,,,
15:09:46.705+0300,0.175,-0.63,-0.105000004,,,,15:09:46.706+0300,0.019269057,9.574273,2.122103,,,,15:09:46.707+0300,-2.0,-2.0,-3.0,,,,15:09:46.707+0300,282.49783,0.11531258,103.09933,,,,
15:09:46.724+0300,0.35,-3.22,-0.63,,,,15:09:46.725+0300,0.016710311,9.575072,2.1185143,,,,15:09:46.729+0300,-3.0,0.0,-3.0,,,,15:09:46.731+0300,282.47626,0.09999187,103.14844,,,,
15:09:46.746+0300,1.155,-3.5700002,-0.63,,,,15:09:46.749+0300,0.014863515,9.575414,2.116986,,,,15:09:46.751+0300,-3.0,0.0,0.0,,,,15:09:46.752+0300,282.4499,0.077074215,103.24362,,,,
15:09:46.764+0300,1.435,1.225,-0.97999996,,,,15:09:46.768+0300,0.0063967155,9.576985,2.109909,,,,15:09:46.769+0300,-2.0,-1.0,0.0,,,,15:09:46.770+0300,282.4244,0.03826932,103.31989,,,,
15:09:46.784+0300,2.205,1.7850001,-1.645,,,,15:09:46.787+0300,-0.0022863573,9.578412,2.1034305,,,,15:09:46.789+0300,1.0,-2.0,-2.0,,,,15:09:46.790+0300,282.38562,-0.013676446,103.3572,,,,
15:09:46.804+0300,1.7499999,0.9099999,-1.47,,,,15:09:46.806+0300,-0.01074059,9.5802145,2.0951757,,,,15:09:46.807+0300,2.0,-1.0,0.0,,,,15:09:46.808+0300,282.33643,-0.06423554,103.39052,,,,
15:09:46.824+0300,1.26,2.345,-1.435,,,,15:09:46.830+0300,-0.016060617,9.5814295,2.0895824,,,,15:09:46.832+0300,3.0,0.0,5.0,,,,15:09:46.835+0300,282.30316,-0.096040435,103.40836,,,,
15:09:46.844+0300,1.645,3.71,-1.5399998,,,,15:09:46.846+0300,-0.020821547,9.582207,2.0859692,,,,15:09:46.849+0300,5.0,-2.0,2.0,,,,15:09:46.851+0300,282.2818,-0.12450001,103.38292,,,,
15:09:46.865+0300,0.87499994,0.175,-0.45499995,,,,15:09:46.867+0300,-0.0229948,9.583257,2.0811234,,,,15:09:46.869+0300,4.0,1.0,-4.0,,,,15:09:46.870+0300,282.25296,-0.1374796,103.33661,,,,
15:09:46.884+0300,0.7699999,-5.145,0.56,,,,15:09:46.886+0300,-0.015983459,9.584013,2.0776978,,,,15:09:46.887+0300,7.0,-1.0,-5.0,,,,15:09:46.889+0300,282.23212,-0.09555329,103.31067,,,,
15:09:46.904+0300,1.645,-6.755,1.6800001,,,,15:09:46.906+0300,0.0012248657,9.585123,2.0726311,,,,15:09:46.907+0300,4.0,-4.0,-2.0,,,,15:09:46.908+0300,282.20145,0.007321724,103.3121,,,,
15:09:46.924+0300,1.015,-3.9199998,2.17,,,,15:09:46.926+0300,0.021476211,9.587154,2.063104,,,,15:09:46.929+0300,3.0,0.0,-2.0,,,,15:09:46.931+0300,282.1452,0.12834823,103.2993,,,,
15:09:46.945+0300,2.45,-1.4,1.9950001,,,,15:09:46.947+0300,0.040016368,9.589169,2.0534484,,,,15:09:46.950+0300,4.0,-2.0,-7.0,,,,15:09:46.951+0300,282.0891,0.23909852,103.21984,,,,
15:09:46.965+0300,7.8049994,-8.61,2.1349998,,,,15:09:46.968+0300,0.062609896,9.595466,2.023249,,,,15:09:46.969+0300,-1.0,2.0,-23.0,,,,15:09:46.970+0300,281.91217,0.37384653,103.11073,,,,
15:09:46.984+0300,6.51,-11.62,3.15,,,,15:09:46.986+0300,0.09351999,9.607075,1.9661568,,,,15:09:46.987+0300,-1.0,0.0,-15.000001,,,,15:09:46.988+0300,281.57898,0.55772775,103.08367,,,,
15:09:47.004+0300,11.025001,-5.0049996,3.3600001,,,,15:09:47.006+0300,0.10871874,9.618837,1.9069664,,,,15:09:47.007+0300,-18.0,-1.0,-8.0,,,,15:09:47.008+0300,281.23145,0.6475689,103.16458,,,,
15:09:47.024+0300,17.465,6.58,1.26,,,,15:09:47.027+0300,0.10095716,9.633202,1.833481,,,,15:09:47.030+0300,-7.0,-5.0,-11.0,,,,15:09:47.032+0300,280.79208,0.600445,103.253784,,,,
15:09:47.045+0300,19.529999,10.429999,-0.63,,,,15:09:47.047+0300,0.08560177,9.642443,1.7850393,,,,15:09:47.049+0300,-15.000001,-1.0,-23.0,,,,15:09:47.050+0300,280.1505,0.3624431,103.36109,,,,
15:09:47.065+0300,16.169998,34.825,-3.9199998,,,,15:09:47.067+0300,0.0050146133,9.673295,1.6117549,,,,15:09:47.068+0300,-9.0,3.0,13.0,,,,15:09:47.069+0300,279.45966,0.029701995,103.44906,,,,
15:09:47.084+0300,15.574999,52.535,-3.465,,,,15:09:47.086+0300,-0.034797758,9.682347,1.5560598,,,,15:09:47.087+0300,10.0,-5.0,26.0,,,,15:09:47.089+0300,279.13223,-0.20591661,102.87666,,,,
15:09:47.104+0300,31.745,53.409996,-2.87,,,,15:09:47.106+0300,-0.07327274,9.697078,1.4600387,,,,15:09:47.108+0300,22.0,-2.0,-44.0,,,,15:09:47.109+0300,278.57303,-0.43292826,102.05226,,,,
15:09:47.125+0300,29.715,-8.575,0.21000001,,,,15:09:47.127+0300,-0.074796595,9.714289,1.3406658,,,,15:09:47.134+0300,9.0,1.0,-58.999996,,,,15:09:47.136+0300,277.48822,-0.31173012,102.38222,,,,
15:09:47.145+0300,36.155,-114.659996,4.025,,,,15:09:47.151+0300,-0.014781682,9.733322,1.1969197,,,,15:09:47.154+0300,17.0,5.0,-30.000002,,,,15:09:47.155+0300,277.01105,-0.08701319,103.24521,,,,
15:09:47.165+0300,37.87,-122.920006,3.955,,,,15:09:47.169+0300,0.061332423,9.749465,1.0557343,,,,15:09:47.170+0300,4.0,-2.0,26.0,,,,15:09:47.172+0300,276.19055,0.36043438,105.402275,,,,
15:09:47.185+0300,34.999996,0.28,0.45499995,,,,15:09:47.187+0300,0.082364984,9.760651,0.9451608,,,,15:09:47.188+0300,-5.0,-2.0,52.999996,,,,15:09:47.190+0300,275.55167,0.4834774,106.01504,,,,
15:09:47.205+0300,46.48,119.94501,-2.38,,,,15:09:47.207+0300,0.053081896,9.773169,0.8079285,,,,15:09:47.209+0300,3.0,1.0,-33.0,,,,15:09:47.212+0300,274.7359,0.3111927,104.365204,,,,
15:09:47.224+0300,47.04,111.3,0.56,,,,15:09:47.229+0300,0.02404314,9.78549,0.64343584,,,,15:09:47.232+0300,-2.0,3.0,-103.0,,,,15:09:47.233+0300,273.76453,0.14077656,102.16645,,,,
15:09:47.245+0300,44.45,-17.989998,4.2,,,,15:09:47.248+0300,0.03271803,9.79541,0.46827802,,,,15:09:47.250+0300,-5.0,6.0,-28.0,,,,15:09:47.252+0300,272.74353,0.19137515,101.769684,,,,
15:09:47.265+0300,52.219997,-122.465,4.0950003,,,,15:09:47.267+0300,0.060047057,9.802837,0.26681203,,,,15:09:47.269+0300,-3.0,6.0,58.999996,,,,15:09:47.271+0300,271.59778,0.3509596,103.595634,,,,
15:09:47.284+0300,52.255,-87.955,1.505,,,,15:09:47.286+0300,0.07383651,9.806074,0.076606855,,,,15:09:47.287+0300,-9.0,2.0,83.0,,,,15:09:47.288+0300,270.62085,0.4314102,105.54089,,,,
15:09:47.304+0300,50.68,37.38,-4.13,,,,15:09:47.306+0300,0.06263386,9.806128,-0.079535894,,,,15:09:47.307+0300,3.0,6.0,44.0,,,,15:09:47.308+0300,269.4085,0.36595556,105.28203,,,,
15:09:47.324+0300,55.51,118.05499,-3.745,,,,15:09:47.326+0300,0.05432897,9.803478,-0.24344869,,,,15:09:47.329+0300,8.0,-4.0,-39.0,,,,15:09:47.331+0300,268.54276,0.31751883,103.21992,,,,
15:09:47.346+0300,55.44,72.415,-0.315,,,,15:09:47.351+0300,0.062151045,9.797035,-0.42970717,,,,15:09:47.352+0300,10.0,-2.0,-82.0,,,,15:09:47.354+0300,267.46255,0.3634717,101.29131,,,,
15:09:47.365+0300,52.815002,-95.829994,4.2349997,,,,15:09:47.368+0300,0.07045827,9.787265,-0.6122715,,,,15:09:47.369+0300,11.0,6.0,-7.0,,,,15:09:47.370+0300,266.39685,0.41246372,101.5936,,,,
15:09:47.385+0300,50.68,-115.954994,5.32,,,,15:09:47.386+0300,0.06356617,9.774636,-0.7892016,,,,15:09:47.387+0300,-1.0,3.0,70.0,,,,15:09:47.388+0300,265.36908,0.37259924,103.80755,,,,
15:09:47.405+0300,50.434998,7.8399997,0.42000002,,,,15:09:47.407+0300,0.05586539,9.761581,-0.93745095,,,,15:09:47.409+0300,-4.0,5.0,71.0,,,,15:09:47.411+0300,264.50482,0.32789934,105.40391,,,,
15:09:47.425+0300,46.619995,61.95,-1.2950001,,,,15:09:47.428+0300,0.072448276,9.751133,-1.0394863,,,,15:09:47.431+0300,-1.0,1.0,12.0,,,,15:09:47.433+0300,263.9005,0.42568427,104.48064,,,,
15:09:47.446+0300,43.75,104.545,-0.97999996,,,,15:09:47.449+0300,0.10877514,9.739802,-1.1379075,,,,15:09:47.452+0300,-6.0,0.0,-34.0,,,,15:09:47.455+0300,262.93823,0.7420117,100.886475,,,,
15:09:47.466+0300,40.635,-24.465,2.38,,,,15:09:47.469+0300,0.1345698,9.723975,-1.2635785,,,,15:09:47.471+0300,-2.0,1.0,-34.0,,,,15:09:47.472+0300,262.55493,0.79286397,100.444756,,,,
15:09:47.485+0300,37.94,-73.85,3.1149998,,,,15:09:47.487+0300,0.11948738,9.706601,-1.3921283,,,,15:09:47.489+0300,-3.0,0.0,20.0,,,,15:09:47.490+0300,261.8087,0.70527023,101.63299,,,,
15:09:47.505+0300,33.39,-95.23499,1.8199998,,,,15:09:47.507+0300,0.07566811,9.693441,-1.4838725,,,,15:09:47.508+0300,1.0,0.0,75.0,,,,15:09:47.510+0300,261.2856,0.44724837,104.19047,,,,
15:09:47.524+0300,30.765,-12.285,-0.84000003,,,,15:09:47.526+0300,0.053186815,9.687871,-1.5207716,,,,15:09:47.532+0300,4.0,-2.0,52.999996,,,,15:09:47.534+0300,261.0734,0.31455308,105.26489,,,,
15:09:47.545+0300,23.975,81.83,-3.1149998,,,,15:09:47.549+0300,0.075924136,9.686791,-1.5266596,,,,15:09:47.551+0300,5.0,-1.0,-4.0,,,,15:09:47.554+0300,261.0328,0.44906962,103.74059,,,,
15:09:47.565+0300,18.515,85.26,-1.5399998,,,,15:09:47.568+0300,0.11838146,9.686061,-1.5286013,,,,15:09:47.570+0300,6.0,2.0,-42.0,,,,15:09:47.571+0300,261.0055,0.7002249,101.37312,,,,
15:09:47.585+0300,15.469998,-10.360001,0.7,,,,15:09:47.588+0300,0.13064532,9.68026,-1.5639386,,,,15:09:47.590+0300,4.0,-3.0,-20.0,,,,15:09:47.590+0300,260.79123,0.77322,100.84571,,,,
15:09:47.604+0300,4.55,-87.99,2.66,,,,15:09:47.606+0300,0.119992115,9.677991,-1.5787604,,,,15:09:47.607+0300,0.0,0.0,68.0,,,,15:09:47.608+0300,260.71677,0.6037337,102.6622,,,,
15:09:47.624+0300,-0.735,-62.754993,2.065,,,,15:09:47.626+0300,0.08309125,9.6802435,-1.5672873,,,,15:09:47.627+0300,2.0,-4.0,57.0,,,,15:09:47.630+0300,260.79065,0.49179146,103.87729,,,,
15:09:47.645+0300,-0.7,25.654999,-0.105000004,,,,15:09:47.647+0300,0.07205752,9.690089,-1.5057875,,,,15:09:47.649+0300,-6.0,-1.0,33.0,,,,15:09:47.651+0300,261.37848,0.47073153,104.458176,,,,
15:09:47.664+0300,-12.984999,84.665,-2.17,,,,15:09:47.668+0300,0.09469108,9.702107,-1.4249791,,,,15:09:47.670+0300,-3.0,-6.0,-18.0,,,,15:09:47.671+0300,261.90433,0.6567677,102.51885,,,,
15:09:47.684+0300,-15.365001,49.385,-1.6800001,,,,15:09:47.686+0300,0.12511837,9.714713,-1.3338258,,,,15:09:47.688+0300,-2.0,-3.0,-41.0,,,,15:09:47.689+0300,262.3496,0.7835407,100.95034,,,,
15:09:47.705+0300,-17.01,-40.075,-0.35,,,,15:09:47.707+0300,0.13125001,9.723139,-1.2703367,,,,15:09:47.709+0300,3.0,-3.0,-10.0,,,,15:09:47.710+0300,262.69556,0.71628815,101.462074,,,,
15:09:47.724+0300,-28.175,-81.06,1.015,,,,15:09:47.725+0300,0.106077865,9.732569,-1.1984313,,,,15:09:47.727+0300,-3.0,0.0,67.0,,,,15:09:47.729+0300,263.2588,0.5350965,103.40818,,,,
15:09:47.747+0300,-28.594997,-32.059998,-0.24499999,,,,15:09:47.749+0300,0.072547644,9.752943,-1.0223551,,,,15:09:47.750+0300,3.0,3.0,54.000004,,,,15:09:47.751+0300,264.00082,0.426189,104.61592,,,,
15:09:47.764+0300,-33.285,53.829998,-2.38,,,,15:09:47.765+0300,0.07290186,9.759611,-0.956604,,,,15:09:47.767+0300,-1.0,-4.0,19.0,,,,15:09:47.769+0300,264.8001,0.4581118,103.872444,,,,
15:09:47.784+0300,-42.175,71.89,-2.485,,,,15:09:47.786+0300,0.084634095,9.773573,-0.80032974,,,,15:09:47.789+0300,5.0,3.0,-40.0,,,,15:09:47.790+0300,265.7448,0.5303066,102.17566,,,,
15:09:47.804+0300,-39.27,10.884999,-2.1349998,,,,15:09:47.806+0300,0.09187018,9.784708,-0.64918697,,,,15:09:47.809+0300,11.0,5.0,-31.0,,,,15:09:47.811+0300,266.55054,0.5265291,101.59067,,,,
15:09:47.824+0300,-45.57,-63.315,0.945,,,,15:09:47.826+0300,0.086332425,9.793068,-0.50864744,,,,15:09:47.832+0300,-4.0,-3.0,-26.0,,,,15:09:47.833+0300,266.98416,0.50508744,102.021164,,,,
15:09:47.845+0300,-51.8,-57.155,1.61,,,,15:09:47.848+0300,0.08041151,9.800491,-0.33805123,,,,15:09:47.850+0300,0.0,6.0,58.0,,,,15:09:47.851+0300,268.46802,0.47075084,104.139984,,,,
15:09:47.864+0300,-45.465,14.244999,0.175,,,,15:09:47.866+0300,0.082417585,9.804917,-0.16496377,,,,15:09:47.868+0300,-9.0,4.0,45.0,,,,15:09:47.869+0300,268.9228,0.48160207,104.41,,,,
15:09:47.884+0300,-53.864994,68.075,-2.5900002,,,,15:09:47.886+0300,0.08092823,9.806317,-0.001306991,,,,15:09:47.887+0300,-2.0,5.0,-31.0,,,,15:09:47.888+0300,269.5277,0.47283202,103.91759,,,,
15:09:47.905+0300,-55.51,44.31,-3.255,,,,15:09:47.906+0300,0.06887539,9.804569,0.18994507,,,,15:09:47.907+0300,0.0,2.0,-36.0,,,,15:09:47.908+0300,271.18036,0.4024862,103.00794,,,,
15:09:47.924+0300,-47.635,-27.755,-1.7149999,,,,15:09:47.925+0300,0.05581015,9.799868,0.36037004,,,,15:09:47.926+0300,1.0,2.0,-44.0,,,,15:09:47.928+0300,272.1311,0.3262954,102.57618,,,,
15:09:47.947+0300,-55.475,-66.78,-0.14,,,,15:09:47.948+0300,0.057623923,9.79382,0.49816814,,,,15:09:47.950+0300,3.0,1.0,-14.0,,,,15:09:47.952+0300,273.40515,0.37337732,104.01364,,,,
15:09:47.964+0300,-54.074997,-31.185001,0.105000004,,,,15:09:47.966+0300,0.070329964,9.783599,0.6683137,,,,15:09:47.967+0300,0.0,4.0,51.0,,,,15:09:47.969+0300,273.92926,0.41186693,104.53036,,,,
15:09:47.984+0300,-48.16,5.25,-0.525,,,,15:09:47.986+0300,0.07298633,9.770771,0.8349299,,,,15:09:47.988+0300,2.0,3.0,3.0,,,,15:09:47.989+0300,274.90265,0.4279837,104.774376,,,,
15:09:48.004+0300,-52.5,61.809998,-2.7649999,,,,15:09:48.006+0300,0.052683253,9.756973,0.98443073,,,,15:09:48.007+0300,7.0,2.0,-55.0,,,,15:09:48.008+0300,275.7695,0.3093683,103.96678,,,,
15:09:48.024+0300,-45.989998,16.484999,-1.8199998,,,,15:09:48.026+0300,0.027602877,9.741066,1.1319261,,,,15:09:48.027+0300,3.0,2.0,-46.0,,,,15:09:48.030+0300,276.6301,0.16235638,103.081856,,,,
15:09:48.045+0300,-39.165,-46.164997,0.0,,,,15:09:48.047+0300,0.029191315,9.730133,1.2223282,,,,15:09:48.052+0300,-1.0,-3.0,-40.0,,,,15:09:48.053+0300,277.34723,0.24727698,103.45912,,,,
15:09:48.065+0300,-43.575,-53.969997,0.945,,,,15:09:48.068+0300,0.058707334,9.720709,1.2941332,,,,15:09:48.070+0300,-3.0,2.0,13.0,,,,15:09:48.073+0300,277.932,0.44481978,104.41241,,,,
15:09:48.084+0300,-34.3,-3.0449998,0.35,,,,15:09:48.086+0300,0.08535101,9.705137,1.4047855,,,,15:09:48.088+0300,-6.0,2.0,42.0,,,,15:09:48.090+0300,278.25113,0.50386995,104.6834,,,,
15:09:48.104+0300,-29.574999,53.234997,-1.9950001,,,,15:09:48.106+0300,0.0755062,9.692605,1.4893366,,,,15:09:48.108+0300,-2.0,0.0,-50.0,,,,15:09:48.109+0300,278.74655,0.44632986,104.43366,,,,
15:09:48.124+0300,-31.5,41.579998,-2.1,,,,15:09:48.126+0300,0.03674451,9.682573,1.5546097,,,,15:09:48.127+0300,3.0,0.0,-61.0,,,,15:09:48.128+0300,279.1239,0.21743137,103.58552,,,,
15:09:48.144+0300,-18.305,-17.465,-0.9099999,,,,15:09:48.148+0300,0.015980244,9.67794,1.5835493,,,,15:09:48.150+0300,2.0,-1.0,-48.0,,,,15:09:48.151+0300,279.2931,0.09460688,103.19171,,,,
15:09:48.164+0300,-13.93,-43.155,-0.07,,,,15:09:48.168+0300,0.033123102,9.681391,1.5620477,,,,15:09:48.170+0300,4.0,-4.0,-31.0,,,,15:09:48.171+0300,279.1674,0.19602625,103.673164,,,,
15:09:48.185+0300,-15.12,-29.294998,-0.105000004,,,,15:09:48.186+0300,0.06514438,9.6828575,1.5519092,,,,15:09:48.188+0300,3.0,-2.0,37.0,,,,15:09:48.188+0300,279.11343,0.38546905,104.484955,,,,
15:09:48.204+0300,-2.205,27.825,-0.7,,,,15:09:48.206+0300,0.07403087,9.681842,1.557835,,,,15:09:48.207+0300,0.0,1.0,14.0,,,,15:09:48.209+0300,279.15082,0.43809572,104.72416,,,,
15:09:48.224+0300,-1.085,52.465,-0.97999996,,,,15:09:48.226+0300,0.05334639,9.686033,1.5324235,,,,15:09:48.227+0300,6.0,-2.0,-52.999996,,,,15:09:48.232+0300,278.99554,0.31555665,104.13282,,,,
15:09:48.245+0300,2.87,16.695,0.035,,,,15:09:48.250+0300,0.030144963,9.692431,1.4920688,,,,15:09:48.252+0300,0.0,-3.0,-47.0,,,,15:09:48.254+0300,278.75323,0.17819819,103.37661,,,,
15:09:48.265+0300,9.905001,-15.12,0.945,,,,15:09:48.268+0300,0.028422086,9.69744,1.4591911,,,,15:09:48.270+0300,1.0,-1.0,-30.000002,,,,15:09:48.272+0300,278.2793,0.21687749,103.329926,,,,
15:09:48.284+0300,14.175,-45.85,1.5399998,,,,15:09:48.287+0300,0.066098906,9.718913,1.3072044,,,,15:09:48.289+0300,-5.0,0.0,4.0,,,,15:09:48.291+0300,277.66995,0.389666,103.98946,,,,
15:09:48.305+0300,15.574999,-26.984999,0.56,,,,15:09:48.307+0300,0.085804306,9.729078,1.228039,,,,15:09:48.308+0300,-5.0,0.0,41.0,,,,15:09:48.309+0300,277.21133,0.5052994,104.56908,,,,
15:09:48.325+0300,26.635,28.769999,-0.525,,,,15:09:48.327+0300,0.0780553,9.740888,1.1311141,,,,15:09:48.329+0300,0.0,-1.0,-25.0,,,,15:09:48.331+0300,276.6391,0.4591105,104.31985,,,,
15:09:48.345+0300,28.105,47.285,-1.085,,,,15:09:48.348+0300,0.06663667,9.747055,1.0774329,,,,15:09:48.350+0300,2.0,-2.0,-54.000004,,,,15:09:48.351+0300,275.9846,0.328205,103.56329,,,,
15:09:48.364+0300,30.730001,12.25,0.28,,,,15:09:48.366+0300,0.049044017,9.75901,0.9642168,,,,15:09:48.368+0300,2.0,2.0,-25.0,,,,15:09:48.369+0300,275.2451,0.27941945,103.13857,,,,
15:09:48.384+0300,39.899998,-35.21,1.61,,,,15:09:48.386+0300,0.051580552,9.772006,0.8219588,,,,15:09:48.388+0300,5.0,1.0,-16.0,,,,15:09:48.389+0300,274.81747,0.3024272,103.24497,,,,
15:09:48.404+0300,38.745,-41.440002,0.945,,,,15:09:48.406+0300,0.06857669,9.783666,0.667548,,,,15:09:48.409+0300,2.0,4.0,46.0,,,,15:09:48.410+0300,273.51758,0.4398441,104.2869,,,,
15:09:48.424+0300,42.84,-0.45499995,0.105000004,,,,15:09:48.426+0300,0.0791013,9.792068,0.528741,,,,15:09:48.427+0300,-2.0,2.0,29.0,,,,15:09:48.429+0300,272.70166,0.46452698,104.50166,,,,
15:09:48.446+0300,48.02,40.844997,-0.56,,,,15:09:48.454+0300,0.07753128,9.799141,0.37574998,,,,15:09:48.455+0300,3.0,0.0,-13.0,,,,15:09:48.468+0300,271.27487,0.4244211,103.41743,,,,
15:09:48.470+0300,45.535,31.954998,0.63,,,,15:09:48.471+0300,0.07262655,9.804223,0.2057786,,,,15:09:48.472+0300,0.0,3.0,-40.0,,,,15:09:48.474+0300,271.27487,0.4244211,103.41743,,,,
15:09:48.485+0300,50.434998,-13.195,1.9950001,,,,15:09:48.488+0300,0.07921733,9.80625,-0.040178865,,,,15:09:48.489+0300,-3.0,5.0,-5.0,,,,15:09:48.490+0300,269.48187,0.46283954,102.7255,,,,
15:09:48.505+0300,52.395,-42.594997,2.1349998,,,,15:09:48.506+0300,0.08332974,9.8054285,-0.13054068,,,,15:09:48.508+0300,-2.0,4.0,7.0,,,,15:09:48.509+0300,268.56848,0.501828,103.31749,,,,
15:09:48.525+0300,49.245,-19.775,0.7,,,,15:09:48.525+0300,0.086394385,9.80123,-0.31432024,,,,15:09:48.526+0300,-3.0,4.0,48.0,,,,15:09:48.527+0300,268.09506,0.505029,103.65763,,,,
15:09:48.544+0300,52.045,24.849998,-0.595,,,,15:09:48.547+0300,0.08550474,9.794835,-0.4735855,,,,15:09:48.549+0300,-2.0,4.0,37.0,,,,15:09:48.551+0300,267.18713,0.5001551,103.81453,,,,
15:09:48.564+0300,50.05,40.005,-0.105000004,,,,15:09:48.566+0300,0.088032216,9.785854,-0.63220954,,,,15:09:48.569+0300,3.0,-1.0,-32.0,,,,15:09:48.570+0300,265.818,0.5397271,102.684784,,,,
15:09:48.585+0300,48.055,9.835,0.7699999,,,,15:09:48.586+0300,0.095563486,9.774775,-0.7842408,,,,15:09:48.588+0300,4.0,5.0,-6.0,,,,15:09:48.589+0300,264.93323,0.57620543,102.20711,,,,
15:09:48.604+0300,49.0,-30.24,1.7850001,,,,15:09:48.606+0300,0.098335,9.761219,-0.93774265,,,,15:09:48.607+0300,2.0,2.0,7.0,,,,15:09:48.608+0300,264.48273,0.577181,102.3285,,,,
15:09:48.624+0300,43.61,-33.704998,1.2950001,,,,15:09:48.625+0300,0.09227847,9.745877,-1.0861592,,,,15:09:48.626+0300,4.0,4.0,39.0,,,,15:09:48.627+0300,263.618,0.5424867,103.10354,,,,
15:09:48.645+0300,41.37,2.5900002,0.42000002,,,,15:09:48.648+0300,0.08631343,9.731647,-1.2074808,,,,15:09:48.652+0300,-3.0,0.0,58.999996,,,,15:09:48.653+0300,262.90918,0.5081633,103.73725,,,,
15:09:48.664+0300,39.55,35.14,-0.14,,,,15:09:48.667+0300,0.09409458,9.71985,-1.298502,,,,15:09:48.669+0300,0.0,0.0,14.0,,,,15:09:48.670+0300,262.37115,0.55464375,103.38219,,,,
15:09:48.684+0300,33.39,27.58,0.48999998,,,,15:09:48.688+0300,0.11229601,9.707394,-1.3871996,,,,15:09:48.690+0300,-2.0,-1.0,-16.0,,,,15:09:48.692+0300,261.61743,0.70675904,102.02035,,,,
15:09:48.705+0300,30.975,-13.58,1.19,,,,15:09:48.707+0300,0.12275077,9.696104,-1.4631892,,,,15:09:48.710+0300,-1.0,0.0,3.0,,,,15:09:48.711+0300,261.1668,0.71481955,102.07112,,,,
15:09:48.724+0300,26.81,-36.26,1.085,,,,15:09:48.726+0300,0.115308054,9.68497,-1.5357319,,,,15:09:48.727+0300,-2.0,0.0,30.000002,,,,15:09:48.729+0300,260.9648,0.6821242,102.44291,,,,
15:09:48.744+0300,19.705,-14.874999,0.45499995,,,,15:09:48.748+0300,0.09757892,9.676947,-1.5866876,,,,15:09:48.750+0300,-2.0,0.0,57.0,,,,15:09:48.751+0300,260.67105,0.57773083,103.404205,,,,
15:09:48.765+0300,16.939999,22.155,-0.945,,,,15:09:48.767+0300,0.093213126,9.6761875,-1.5915667,,,,15:09:48.769+0300,1.0,-1.0,38.0,,,,15:09:48.770+0300,260.64374,0.55192745,103.56385,,,,
15:09:48.785+0300,10.3949995,33.53,-1.19,,,,15:09:48.788+0300,0.103878014,9.677329,-1.5839603,,,,15:09:48.790+0300,1.0,-1.0,-6.0,,,,15:09:48.791+0300,260.6848,0.6149986,102.86789,,,,
15:09:48.805+0300,4.3749995,6.8599997,-0.175,,,,15:09:48.807+0300,0.1161293,9.679712,-1.5684739,,,,15:09:48.808+0300,5.0,-2.0,-10.0,,,,15:09:48.809+0300,260.77127,0.68735516,102.13058,,,,
15:09:48.824+0300,1.5399998,-26.355,0.315,,,,15:09:48.826+0300,0.11543255,9.682539,-1.5509809,,,,15:09:48.827+0300,2.0,-3.0,10.0,,,,15:09:48.829+0300,260.87482,0.68303216,102.18762,,,,
15:09:48.844+0300,-6.02,-28.21,0.84000003,,,,15:09:48.845+0300,0.1021414,9.687491,-1.5206746,,,,15:09:48.849+0300,-1.0,-2.0,38.0,,,,15:09:48.851+0300,261.05908,0.6040836,102.95255,,,,
15:09:48.865+0300,-10.674999,2.485,-0.35,,,,15:09:48.867+0300,0.09409867,9.697372,-1.4568758,,,,15:09:48.868+0300,-1.0,0.0,49.0,,,,15:09:48.870+0300,261.43854,0.55595344,103.490105,,,,
15:09:48.884+0300,-15.190001,28.805002,-1.015,,,,15:09:48.886+0300,0.09882512,9.709396,-1.3741292,,,,15:09:48.888+0300,-1.0,0.0,9.0,,,,15:09:48.889+0300,261.92413,0.58315337,103.21141,,,,
15:09:48.904+0300,-21.315,21.28,-1.225,,,,15:09:48.906+0300,0.108911045,9.721581,-1.2842846,,,,15:09:48.907+0300,0.0,0.0,-17.0,,,,15:09:48.908+0300,262.44772,0.64185876,102.48817,,,,
15:09:48.924+0300,-24.744999,-10.045,-0.665,,,,15:09:48.926+0300,0.11092823,9.733571,-1.18983,,,,15:09:48.927+0300,-2.0,-1.0,-7.0,,,,15:09:48.929+0300,263.00085,0.65294063,102.18064,,,,
15:09:48.945+0300,-29.155,-29.329998,-0.105000004,,,,15:09:48.950+0300,0.10287498,9.745104,-1.092133,,,,15:09:48.952+0300,-1.0,1.0,14.0,,,,15:09:48.954+0300,263.90024,0.5703792,102.989555,,,,
15:09:48.965+0300,-33.95,-14.315,-0.24499999,,,,15:09:48.967+0300,0.092183195,9.757473,-0.97653794,,,,15:09:48.969+0300,-2.0,0.0,37.0,,,,15:09:48.970+0300,264.25964,0.54128265,103.2994,,,,
15:09:48.985+0300,-36.575,16.59,-1.12,,,,15:09:48.987+0300,0.08743659,9.769953,-0.84308106,,,,15:09:48.989+0300,2.0,2.0,23.0,,,,15:09:48.990+0300,265.04172,0.5127572,103.487976,,,,
15:09:49.004+0300,-41.125,27.23,-1.855,,,,15:09:49.007+0300,0.08862375,9.781035,-0.70279056,,,,15:09:49.008+0300,3.0,3.0,-20.0,,,,15:09:49.009+0300,265.8579,0.51912993,103.04301,,,,
15:09:49.024+0300,-42.945,18.305,-1.7149999,,,,15:09:49.026+0300,0.08773264,9.790948,-0.5477607,,,,15:09:49.027+0300,3.0,2.0,-24.0,,,,15:09:49.029+0300,266.75723,0.5133901,102.577354,,,,
15:09:49.044+0300,-45.5,-23.380001,-0.735,,,,15:09:49.047+0300,0.08317133,9.798631,-0.38771805,,,,15:09:49.051+0300,1.0,1.0,-6.0,,,,15:09:49.054+0300,267.68268,0.4863181,102.74234,,,,
15:09:49.064+0300,-46.48,-26.949999,-0.42000002,,,,15:09:49.068+0300,0.07876813,9.803605,-0.23131752,,,,15:09:49.071+0300,-1.0,1.0,15.000001,,,,15:09:49.072+0300,268.5722,0.46033922,103.333496,,,,
15:09:49.084+0300,-49.21,4.2699995,-0.735,,,,15:09:49.087+0300,0.07701661,9.806131,-0.06520809,,,,15:09:49.089+0300,-2.0,4.0,19.0,,,,15:09:49.090+0300,269.4105,0.44998744,103.77615,,,,
15:09:49.104+0300,-49.454998,17.394999,-1.12,,,,15:09:49.106+0300,0.0758499,9.80634,0.018555064,,,,15:09:49.108+0300,-1.0,5.0,-15.000001,,,,15:09:49.109+0300,270.74072,0.43125874,103.916435,,,,
15:09:49.124+0300,-50.47,24.465,-1.8199998,,,,15:09:49.126+0300,0.06669015,9.8026495,0.27208441,,,,15:09:49.128+0300,0.0,3.0,-36.0,,,,15:09:49.129+0300,271.63663,0.3897931,103.51049,,,,
15:09:49.145+0300,-49.14,-10.64,-1.12,,,,15:09:49.150+0300,0.059703942,9.796818,0.4350006,,,,15:09:49.155+0300,1.0,2.0,-29.0,,,,15:09:49.156+0300,273.00165,0.34480608,103.48676,,,,
15:09:49.165+0300,-49.14,-20.895,-0.87499994,,,,15:09:49.167+0300,0.058936175,9.793196,0.5101368,,,,15:09:49.171+0300,1.0,2.0,-9.0,,,,15:09:49.172+0300,273.43445,0.34962234,103.69197,,,,
15:09:49.184+0300,-48.685,-20.58,-0.48999998,,,,15:09:49.187+0300,0.063322134,9.779109,0.73171914,,,,15:09:49.190+0300,-1.0,3.0,11.0,,,,15:09:49.192+0300,274.2951,0.3709991,104.12341,,,,
15:09:49.204+0300,-46.585,3.465,-0.97999996,,,,15:09:49.208+0300,0.06186989,9.766533,0.8839748,,,,15:09:49.209+0300,2.0,0.0,-8.0,,,,15:09:49.211+0300,275.1843,0.36295745,104.215324,,,,
15:09:49.225+0300,-43.96,22.645,-1.8199998,,,,15:09:49.227+0300,0.05141659,9.753832,1.0151491,,,,15:09:49.228+0300,3.0,3.0,-38.0,,,,15:09:49.229+0300,275.94928,0.3020276,103.9083,,,,
15:09:49.245+0300,-40.74,3.6399996,-1.155,,,,15:09:49.248+0300,0.040542733,9.741372,1.1289111,,,,15:09:49.251+0300,1.0,-1.0,-40.0,,,,15:09:49.252+0300,276.6146,0.2384586,103.615074,,,,
15:09:49.265+0300,-38.395,-9.309999,-0.7699999,,,,15:09:49.273+0300,0.040941667,9.730443,1.219505,,,,15:09:49.276+0300,0.0,-2.0,-18.0,,,,15:09:49.278+0300,277.36963,0.2672874,103.831665,,,,
15:09:49.285+0300,-34.789997,-22.819998,0.035,,,,15:09:49.288+0300,0.05146774,9.720834,1.2934867,,,,15:09:49.289+0300,-1.0,0.0,-5.0,,,,15:09:49.290+0300,277.5854,0.3033543,104.01605,,,,
15:09:49.304+0300,-31.57,-10.08,-0.175,,,,15:09:49.305+0300,0.056254096,9.716023,1.3289602,,,,15:09:49.306+0300,1.0,2.0,-5.0,,,,15:09:49.307+0300,277.99786,0.34773922,104.256546,,,,
15:09:49.324+0300,-26.81,13.58,-0.805,,,,15:09:49.326+0300,0.054005146,9.702992,1.4210598,,,,15:09:49.327+0300,0.0,-1.0,-25.0,,,,15:09:49.328+0300,278.33798,0.31889492,104.135826,,,,
15:09:49.345+0300,-20.37,14.664999,-1.155,,,,15:09:49.346+0300,0.040583063,9.697651,1.4575083,,,,15:09:49.351+0300,0.0,-1.0,-43.0,,,,15:09:49.357+0300,278.60452,0.21017143,103.71612,,,,
15:09:49.365+0300,-17.92,4.025,-0.48999998,,,,15:09:49.369+0300,0.035567865,9.696272,1.4667794,,,,15:09:49.371+0300,1.0,-3.0,-34.0,,,,15:09:49.372+0300,278.6217,0.20354396,103.68576,,,,
15:09:49.384+0300,-11.48,-17.92,-0.28,,,,15:09:49.386+0300,0.041806176,9.697485,1.4585774,,,,15:09:49.388+0300,2.0,-1.0,-15.000001,,,,15:09:49.390+0300,278.55704,0.24700245,103.90428,,,,
15:09:49.405+0300,-7.35,-16.73,0.035,,,,15:09:49.406+0300,0.05236732,9.700162,1.4403133,,,,15:09:49.408+0300,0.0,-4.0,4.0,,,,15:09:49.409+0300,278.45126,0.3093141,104.19947,,,,
15:09:49.424+0300,-2.345,1.89,-0.42000002,,,,15:09:49.426+0300,0.054084644,9.70367,1.4164321,,,,15:09:49.427+0300,2.0,1.0,-7.0,,,,15:09:49.429+0300,278.31067,0.31934205,104.2611,,,,
15:09:49.445+0300,5.4599996,18.445,-0.28,,,,15:09:49.446+0300,0.046231885,9.709298,1.3776112,,,,15:09:49.456+0300,4.0,-2.0,-40.0,,,,15:09:49.458+0300,277.91837,0.25095716,103.8576,,,,
15:09:49.465+0300,8.190001,12.53,-0.035,,,,15:09:49.469+0300,0.04081366,9.717661,1.3174989,,,,15:09:49.470+0300,1.0,-2.0,-30.000002,,,,15:09:49.471+0300,277.72455,0.24063778,103.74568,,,,
15:09:49.484+0300,13.405,-7.2799993,0.48999998,,,,15:09:49.485+0300,0.04546119,9.728081,1.2380624,,,,15:09:49.487+0300,0.0,0.0,-16.0,,,,15:09:49.488+0300,277.2576,0.26775223,103.75583,,,,
15:09:49.504+0300,17.675,-17.885,0.87499994,,,,15:09:49.506+0300,0.056498133,9.738882,1.1495097,,,,15:09:49.507+0300,-3.0,0.0,6.0,,,,15:09:49.508+0300,276.7397,0.33238602,104.00265,,,,
15:09:49.524+0300,22.47,-7.5250006,0.525,,,,15:09:49.525+0300,0.063287355,9.749478,1.0554934,,,,15:09:49.526+0300,-2.0,-1.0,6.0,,,,15:09:49.526+0300,276.18982,0.3719222,104.176155,,,,
15:09:49.544+0300,28.664999,16.45,0.105000004,,,,15:09:49.545+0300,0.06097528,9.760222,0.95118725,,,,15:09:49.546+0300,1.0,0.0,-14.0,,,,15:09:49.547+0300,275.57748,0.35794067,104.04211,,,,
15:09:49.566+0300,30.275,16.169998,0.24499999,,,,15:09:49.569+0300,0.056693655,9.770625,0.83787763,,,,15:09:49.570+0300,1.0,0.0,-23.0,,,,15:09:49.572+0300,274.9126,0.33245268,103.74699,,,,
15:09:49.584+0300,34.965,2.345,0.24499999,,,,15:09:49.586+0300,0.055812195,9.780779,0.7096879,,,,15:09:49.588+0300,2.0,2.0,-17.0,,,,15:09:49.590+0300,274.16272,0.32694417,103.618744,,,,
15:09:49.605+0300,39.864998,-15.925,0.9099999,,,,15:09:49.607+0300,0.061375383,9.789835,0.57077163,,,,15:09:49.608+0300,2.0,4.0,5.0,,,,15:09:49.610+0300,273.35577,0.35919958,103.78083,,,,
15:09:49.624+0300,40.844997,-13.02,0.84000003,,,,15:09:49.626+0300,0.067376375,9.79708,0.42786944,,,,15:09:49.627+0300,2.0,2.0,19.0,,,,15:09:49.628+0300,272.53143,0.3940277,104.02091,,,,
15:09:49.645+0300,43.715,2.8,0.38499996,,,,15:09:49.646+0300,0.069720015,9.802424,0.2793255,,,,15:09:49.648+0300,1.0,0.0,9.0,,,,15:09:49.650+0300,271.68213,0.40751097,104.03231,,,,
15:09:49.664+0300,45.22,14.945001,0.7699999,,,,15:09:49.666+0300,0.06986644,9.8043165,0.20223464,,,,15:09:49.667+0300,-1.0,3.0,-4.0,,,,15:09:49.668+0300,271.2499,0.40828794,103.919,,,,
15:09:49.684+0300,46.619995,8.61,0.805,,,,15:09:49.686+0300,0.07294454,9.806324,-0.032905076,,,,15:09:49.687+0300,0.0,4.0,-9.0,,,,15:09:49.688+0300,269.5327,0.4261879,103.198715,,,,
15:09:49.705+0300,48.440002,-6.755,0.97999996,,,,15:09:49.706+0300,0.076600134,9.804369,-0.19720775,,,,15:09:49.707+0300,-1.0,7.0,5.0,,,,15:09:49.708+0300,268.76425,0.4476346,103.094284,,,,
15:09:49.724+0300,48.16,-14.105,1.225,,,,15:09:49.726+0300,0.07933424,9.799384,-0.36899522,,,,15:09:49.727+0300,-2.0,0.0,26.0,,,,15:09:49.728+0300,267.79422,0.46384728,103.306404,,,,
15:09:49.744+0300,48.37,-4.3749995,0.9099999,,,,15:09:49.745+0300,0.08014409,9.79604,-0.44895723,,,,15:09:49.747+0300,-2.0,4.0,28.0,,,,15:09:49.748+0300,266.88202,0.47547817,103.42348,,,,
15:09:49.764+0300,48.125,10.570001,-0.175,,,,15:09:49.766+0300,0.08162469,9.787704,-0.60381347,,,,15:09:49.768+0300,1.0,2.0,15.000001,,,,15:09:49.769+0300,266.43793,0.47780776,103.37707,,,,
15:09:49.785+0300,46.164997,12.984999,-0.175,,,,15:09:49.786+0300,0.08557342,9.7717705,-0.82192194,,,,15:09:49.788+0300,2.0,1.0,0.0,,,,15:09:49.789+0300,265.16617,0.50173825,102.94171,,,,
15:09:49.804+0300,45.045002,0.24499999,0.665,,,,15:09:49.806+0300,0.08826923,9.759194,-0.9595301,,,,15:09:49.807+0300,2.0,4.0,7.0,,,,15:09:49.808+0300,264.36108,0.5182105,102.82634,,,,
15:09:49.825+0300,43.05,-12.285,0.97999996,,,,15:09:49.826+0300,0.0879498,9.745592,-1.0890876,,,,15:09:49.828+0300,1.0,0.0,25.0,,,,15:09:49.829+0300,263.60303,0.5170558,103.02553,,,,
15:09:49.844+0300,39.445,-9.659999,1.12,,,,15:09:49.846+0300,0.08792291,9.732614,-1.1995378,,,,15:09:49.847+0300,-1.0,-2.0,38.0,,,,15:09:49.849+0300,262.95514,0.517587,103.25563,,,,
15:09:49.865+0300,37.38,3.6399996,0.945,,,,15:09:49.867+0300,0.08913199,9.72647,-1.2482951,,,,15:09:49.869+0300,-2.0,1.0,27.000002,,,,15:09:49.870+0300,262.403,0.54008,103.205505,,,,
15:09:49.884+0300,32.9,12.424999,0.21000001,,,,15:09:49.886+0300,0.09475363,9.714958,-1.334536,,,,15:09:49.888+0300,-2.0,-1.0,7.0,,,,15:09:49.889+0300,261.94138,0.57745683,102.90141,,,,
15:09:49.905+0300,28.805002,5.915,-0.105000004,,,,15:09:49.907+0300,0.1007631,9.70424,-1.409954,,,,15:09:49.908+0300,-2.0,1.0,12.0,,,,15:09:49.909+0300,261.53235,0.600907,102.6678,,,,
15:09:49.924+0300,26.25,-7.6650004,0.48999998,,,,15:09:49.926+0300,0.10154636,9.695482,-1.4689257,,,,15:09:49.928+0300,3.0,0.0,17.0,,,,15:09:49.930+0300,261.208,0.59260374,102.77255,,,,
15:09:49.944+0300,20.405,-11.62,0.38499996,,,,15:09:49.946+0300,0.097948626,9.688112,-1.5169886,,,,15:09:49.948+0300,3.0,-1.0,22.0,,,,15:09:49.954+0300,260.99567,0.564779,103.062935,,,,
15:09:49.964+0300,15.679999,-2.1,0.35,,,,15:09:49.968+0300,0.09456512,9.684449,-1.5404245,,,,15:09:49.971+0300,2.0,2.0,37.0,,,,15:09:49.974+0300,260.92413,0.560527,103.17392,,,,
15:09:49.985+0300,11.34,9.59,0.735,,,,15:09:49.987+0300,0.09609394,9.683875,-1.5439298,,,,15:09:49.990+0300,-5.0,-5.0,11.0,,,,15:09:49.992+0300,260.94235,0.59174734,102.96194,,,,
15:09:50.005+0300,5.075,10.08,-0.105000004,,,,15:09:50.007+0300,0.103714645,9.685267,-1.5346763,,,,15:09:50.009+0300,2.0,-7.0,8.0,,,,15:09:50.010+0300,261.0398,0.6281772,102.65027,,,,
15:09:50.025+0300,1.2950001,-1.7149999,-0.87499994,,,,15:09:50.026+0300,0.10630729,9.689018,-1.5106407,,,,15:09:50.028+0300,-2.0,6.0,12.0,,,,15:09:50.030+0300,261.2032,0.6166383,102.641975,,,,
15:09:50.044+0300,-3.71,-10.29,-0.735,,,,15:09:50.046+0300,0.1016957,9.693959,-1.4789281,,,,15:09:50.050+0300,4.0,-3.0,19.0,,,,15:09:50.052+0300,261.4341,0.5793732,102.8989,,,,
15:09:50.065+0300,-10.219999,-6.8599997,0.21000001,,,,15:09:50.069+0300,0.09496932,9.701336,-1.4301959,,,,15:09:50.071+0300,-5.0,6.0,30.000002,,,,15:09:50.073+0300,261.79138,0.5530926,103.1214,,,,
15:09:50.084+0300,-14.139999,5.5299997,0.315,,,,15:09:50.087+0300,0.09357465,9.711772,-1.3576287,,,,15:09:50.091+0300,1.0,-10.0,15.000001,,,,15:09:50.092+0300,262.25452,0.56274486,103.0467,,,,
15:09:50.105+0300,-18.13,9.52,-0.175,,,,15:09:50.108+0300,0.09744886,9.722458,-1.2785656,,,,15:09:50.110+0300,0.0,-6.0,-8.0,,,,15:09:50.112+0300,262.73468,0.5832447,102.81362,,,,
15:09:50.125+0300,-24.535,1.9950001,-0.595,,,,15:09:50.127+0300,0.099188104,9.73417,-1.1859388,,,,15:09:50.130+0300,0.0,2.0,1.0,,,,15:09:50.133+0300,263.3244,0.5783684,102.72434,,,,
15:09:50.144+0300,-26.564999,-7.49,-1.33,,,,15:09:50.146+0300,0.09583821,9.746073,-1.0841099,,,,15:09:50.148+0300,1.0,-4.0,13.0,,,,15:09:50.150+0300,263.62827,0.5634011,102.7891,,,,
15:09:50.165+0300,-31.29,-7.5950003,-1.26,,,,15:09:50.167+0300,0.088091545,9.757368,-0.97794783,,,,15:09:50.169+0300,3.0,5.0,7.0,,,,15:09:50.172+0300,264.6286,0.4957637,103.18786,,,,
15:09:50.185+0300,-36.61,1.505,-0.665,,,,15:09:50.187+0300,0.08208236,9.769377,-0.8502578,,,,15:09:50.188+0300,2.0,4.0,15.000001,,,,15:09:50.191+0300,265.3955,0.477586,103.24578,,,,
15:09:50.204+0300,-37.274998,8.575,0.0,,,,15:09:50.206+0300,0.08171558,9.7801285,-0.7161007,,,,15:09:50.208+0300,0.0,5.0,5.0,,,,15:09:50.209+0300,265.78516,0.47871035,103.183495,,,,
15:09:50.224+0300,-41.545002,5.32,-0.35,,,,15:09:50.226+0300,0.083581954,9.789065,-0.5810376,,,,15:09:50.227+0300,-1.0,1.0,-18.0,,,,15:09:50.228+0300,266.5683,0.4891965,102.99278,,,,
15:09:50.244+0300,-44.205,-4.2699995,-1.26,,,,15:09:50.246+0300,0.08248422,9.796681,-0.43429393,,,,15:09:50.247+0300,-1.0,0.0,-4.0,,,,15:09:50.248+0300,267.41638,0.48239663,102.956604,,,,
15:09:50.265+0300,-44.31,-8.469999,-1.5399998,,,,15:09:50.268+0300,0.07697744,9.802258,-0.28326106,,,,15:09:50.269+0300,1.0,1.0,2.0,,,,15:09:50.272+0300,268.71002,0.4326744,103.31053,,,,
15:09:50.285+0300,-47.04,-2.485,-1.26,,,,15:09:50.288+0300,0.071279526,9.805517,-0.13096447,,,,15:09:50.289+0300,3.0,4.0,-4.0,,,,15:09:50.291+0300,269.49408,0.40453553,103.55906,,,,
15:09:50.304+0300,-47.705,6.265,-0.63,,,,15:09:50.306+0300,0.06832564,9.806364,0.03083353,,,,15:09:50.308+0300,-1.0,5.0,-3.0,,,,15:09:50.309+0300,270.43744,0.3992007,103.73595,,,,
15:09:50.325+0300,-46.515003,7.0699997,-0.595,,,,15:09:50.326+0300,0.06608342,9.804429,0.19795945,,,,15:09:50.328+0300,-2.0,4.0,-22.0,,,,15:09:50.329+0300,271.21948,0.38617685,103.72283,,,,
15:09:50.345+0300,-48.055,-0.9099999,-1.575,,,,15:09:50.346+0300,0.062806,9.799879,0.35891163,,,,15:09:50.349+0300,-2.0,0.0,-29.0,,,,15:09:50.352+0300,272.12927,0.3671953,103.64591,,,,
15:09:50.364+0300,-46.305,-7.1400003,-1.8199998,,,,15:09:50.368+0300,0.057991,9.793165,0.5107979,,,,15:09:50.372+0300,5.0,1.0,-10.0,,,,15:09:50.374+0300,273.00507,0.3392775,103.74705,,,,
15:09:50.384+0300,-44.8,-7.1400003,-1.435,,,,15:09:50.389+0300,0.054723233,9.784361,0.6585411,,,,15:09:50.390+0300,4.0,1.0,-13.0,,,,15:09:50.393+0300,273.8637,0.3204479,103.925766,,,,
15:09:50.405+0300,-44.66,0.14,-0.525,,,,15:09:50.408+0300,0.054056294,9.773984,0.79793143,,,,15:09:50.410+0300,3.0,2.0,-15.000001,,,,15:09:50.411+0300,274.6779,0.3168786,103.9778,,,,
15:09:50.425+0300,-40.67,7.105,-0.315,,,,15:09:50.427+0300,0.05263415,9.763009,0.92264855,,,,15:09:50.429+0300,-3.0,2.0,-19.0,,,,15:09:50.430+0300,275.40738,0.30888894,103.887794,,,,
15:09:50.446+0300,-37.449997,1.47,-0.945,,,,15:09:50.448+0300,0.050400108,9.75244,1.0284774,,,,15:09:50.453+0300,-3.0,-4.0,-34.0,,,,15:09:50.456+0300,276.29996,0.28823733,103.78512,,,,
15:09:50.464+0300,-36.68,-2.45,-1.26,,,,15:09:50.467+0300,0.04903671,9.747428,1.0750059,,,,15:09:50.469+0300,-3.0,4.0,-29.0,,,,15:09:50.471+0300,276.29996,0.28823733,103.78512,,,,
15:09:50.484+0300,-33.11,-6.8249993,-1.085,,,,15:09:50.487+0300,0.047204528,9.736974,1.1659669,,,,15:09:50.494+0300,2.0,1.0,-7.0,,,,15:09:50.496+0300,277.05322,0.27814823,103.96207,,,,
15:09:50.504+0300,-27.999998,-2.52,-0.28,,,,15:09:50.506+0300,0.047828797,9.728348,1.2358588,,,,15:09:50.509+0300,0.0,-3.0,-21.0,,,,15:09:50.510+0300,277.4111,0.28436613,104.036804,,,,
15:09:50.524+0300,-25.374998,4.865,-0.38499996,,,,15:09:50.525+0300,0.047920566,9.721401,1.2893717,,,,15:09:50.528+0300,2.0,-5.0,-21.0,,,,15:09:50.529+0300,277.721,0.27356315,103.98817,,,,
15:09:50.544+0300,-20.51,5.6,-1.05,,,,15:09:50.545+0300,0.044172026,9.715096,1.3361609,,,,15:09:50.547+0300,0.0,0.0,-25.0,,,,15:09:50.549+0300,277.9146,0.24506764,103.909096,,,,
15:09:50.565+0300,-15.12,0.24499999,-1.19,,,,15:09:50.569+0300,0.038217794,9.711804,1.3600714,,,,15:09:50.570+0300,5.0,-2.0,-30.000002,,,,15:09:50.572+0300,277.9751,0.2254686,103.90462,,,,
15:09:50.585+0300,-11.48,-5.1099997,-0.45499995,,,,15:09:50.586+0300,0.038684536,9.711813,1.3600054,,,,15:09:50.587+0300,3.0,-4.0,-14.0,,,,15:09:50.589+0300,277.95822,0.23766612,103.97638,,,,
15:09:50.604+0300,-5.985,-4.0950003,0.105000004,,,,15:09:50.606+0300,0.042612232,9.712932,1.3518635,,,,15:09:50.607+0300,2.0,-2.0,-8.0,,,,15:09:50.609+0300,277.87088,0.26485968,104.03871,,,,
15:09:50.625+0300,-0.84000003,1.5399998,0.42000002,,,,15:09:50.627+0300,0.04660101,9.716069,1.3289942,,,,15:09:50.629+0300,-1.0,-3.0,-20.0,,,,15:09:50.630+0300,277.6927,0.28258377,104.02219,,,,
15:09:50.644+0300,2.835,5.145,-0.45499995,,,,15:09:50.646+0300,0.047691435,9.720964,1.2926526,,,,15:09:50.648+0300,0.0,2.0,-16.0,,,,15:09:50.650+0300,277.44934,0.27516246,103.94135,,,,
15:09:50.664+0300,9.204999,2.1,0.035,,,,15:09:50.670+0300,0.04588526,9.727457,1.2429396,,,,15:09:50.673+0300,0.0,-4.0,-20.0,,,,15:09:50.674+0300,277.08963,0.27277243,103.8785,,,,
15:09:50.685+0300,13.334999,-2.94,0.35,,,,15:09:50.689+0300,0.047635905,9.736129,1.172991,,,,15:09:50.692+0300,-1.0,-1.0,-15.000001,,,,15:09:50.694+0300,276.6531,0.2908011,103.89321,,,,
15:09:50.704+0300,16.66,-4.48,0.7699999,,,,15:09:50.710+0300,0.054027945,9.749488,1.0559143,,,,15:09:50.711+0300,-5.0,2.0,3.0,,,,15:09:50.713+0300,276.18933,0.31750813,103.945755,,,,
15:09:50.725+0300,22.96,-0.7,0.105000004,,,,15:09:50.727+0300,0.055546824,9.754217,1.0112246,,,,15:09:50.730+0300,0.0,-1.0,-9.0,,,,15:09:50.731+0300,275.64478,0.32735482,103.9704,,,,
15:09:50.745+0300,25.9,4.13,-0.42000002,,,,15:09:50.747+0300,0.054934245,9.764052,0.91142106,,,,15:09:50.753+0300,1.0,0.0,-10.0,,,,15:09:50.757+0300,275.0108,0.3134043,103.92231,,,,
15:09:50.764+0300,29.715,3.9199998,-0.315,,,,15:09:50.769+0300,0.052322894,9.773708,0.8014181,,,,15:09:50.778+0300,6.0,1.0,-5.0,,,,15:09:50.782+0300,274.01416,0.3036165,103.82517,,,,
15:09:50.786+0300,34.825,-0.7699999,0.805,,,,15:09:50.788+0300,0.051839493,9.782593,0.6845453,,,,15:09:50.789+0300,4.0,-1.0,-9.0,,,,15:09:50.791+0300,273.60385,0.31539494,103.81724,,,,
15:09:50.804+0300,36.26,-4.165,0.9099999,,,,15:09:50.806+0300,0.055798754,9.791107,0.5491022,,,,15:09:50.807+0300,1.0,4.0,-6.0,,,,15:09:50.808+0300,273.2263,0.32652065,103.83117,,,,
15:09:50.824+0300,39.305,-2.4149997,0.63,,,,15:09:50.825+0300,0.06029168,9.797597,0.41697514,,,,15:09:50.826+0300,-1.0,1.0,13.0,,,,15:09:50.827+0300,272.4621,0.3525778,103.87589,,,,
15:09:50.844+0300,42.315,2.065,0.315,,,,15:09:50.846+0300,0.062586516,9.8025675,0.2759329,,,,15:09:50.848+0300,0.0,5.0,4.0,,,,15:09:50.849+0300,271.65338,0.36581177,103.88251,,,,
15:09:50.864+0300,42.63,3.885,1.05,,,,15:09:50.866+0300,0.06408552,9.805589,0.1293886,,,,15:09:50.868+0300,-3.0,3.0,1.0,,,,15:09:50.872+0300,270.5082,0.38495028,103.693726,,,,
15:09:50.885+0300,44.8,1.19,1.26,,,,15:09:50.888+0300,0.06762743,9.806402,-0.017362054,,,,15:09:50.892+0300,-2.0,3.0,9.0,,,,15:09:50.894+0300,269.31726,0.40814123,103.32246,,,,
15:09:50.905+0300,46.619995,-3.325,0.84000003,,,,15:09:50.907+0300,0.0715674,9.804865,-0.17291737,,,,15:09:50.911+0300,-4.0,3.0,2.0,,,,15:09:50.912+0300,268.42392,0.42639822,103.25897,,,,
15:09:50.925+0300,44.8,-3.255,0.21000001,,,,15:09:50.928+0300,0.07388532,9.800604,-0.33631694,,,,15:09:50.929+0300,2.0,2.0,15.000001,,,,15:09:50.931+0300,267.9879,0.43193635,103.2736,,,,
15:09:50.944+0300,46.235,0.7,0.175,,,,15:09:50.945+0300,0.074228436,9.794393,-0.48450553,,,,15:09:50.946+0300,1.0,3.0,25.0,,,,15:09:50.947+0300,267.135,0.43421727,103.30272,,,,
15:09:50.964+0300,45.394997,4.13,0.63,,,,15:09:50.965+0300,0.07532208,9.785899,-0.63317865,,,,15:09:50.968+0300,3.0,2.0,11.0,,,,15:09:50.970+0300,266.27203,0.44099694,103.24696,,,,
15:09:50.984+0300,42.489998,2.7299998,0.63,,,,15:09:50.986+0300,0.07902648,9.775785,-0.7734055,,,,15:09:50.988+0300,4.0,0.0,13.0,,,,15:09:50.991+0300,265.07065,0.47371593,103.061775,,,,
15:09:51.004+0300,42.454998,-1.7499999,0.595,,,,15:09:51.005+0300,0.08220278,9.764602,-0.90343356,,,,15:09:51.008+0300,0.0,4.0,20.0,,,,15:09:51.009+0300,264.69232,0.48233002,103.03783,,,,
15:09:51.024+0300,40.039997,-3.9900002,0.735,,,,15:09:51.026+0300,0.084604576,9.75234,-1.0271757,,,,15:09:51.027+0300,1.0,1.0,16.0,,,,15:09:51.028+0300,263.9672,0.4970462,103.05725,,,,
15:09:51.044+0300,36.084995,-1.505,0.56,,,,15:09:51.046+0300,0.08648849,9.7401705,-1.1366647,,,,15:09:51.048+0300,0.0,-1.0,27.000002,,,,15:09:51.051+0300,263.32477,0.5087483,103.10453,,,,
15:09:51.064+0300,34.510002,2.66,0.7,,,,15:09:51.067+0300,0.08952917,9.728855,-1.2295365,,,,15:09:51.071+0300,-5.0,0.0,26.0,,,,15:09:51.073+0300,262.52686,0.5383586,103.0209,,,,
15:09:51.085+0300,30.275,3.5349998,0.21000001,,,,15:09:51.088+0300,0.09259236,9.718122,-1.3114719,,,,15:09:51.091+0300,-3.0,-2.0,11.0,,,,15:09:51.092+0300,262.29547,0.54588646,102.96695,,,,
15:09:51.105+0300,27.86,1.855,0.175,,,,15:09:51.107+0300,0.09403876,9.708353,-1.3818284,,,,15:09:51.109+0300,-2.0,-2.0,20.0,,,,15:09:51.111+0300,261.88086,0.5549711,102.89012,,,,
15:09:51.124+0300,23.099998,-3.465,0.105000004,,,,15:09:51.126+0300,0.09302841,9.700212,-1.4379314,,,,15:09:51.127+0300,2.0,1.0,21.0,,,,15:09:51.129+0300,261.55066,0.54946965,102.92705,,,,
15:09:51.144+0300,17.71,-2.485,0.035,,,,15:09:51.145+0300,0.09131869,9.694576,-1.4755484,,,,15:09:51.146+0300,-2.0,-2.0,21.0,,,,15:09:51.147+0300,261.3295,0.5396853,103.01709,,,,
15:09:51.164+0300,13.195,1.855,-0.24499999,,,,15:09:51.165+0300,0.09059242,9.692137,-1.491528,,,,15:09:51.167+0300,4.0,-3.0,29.0,,,,15:09:51.169+0300,261.23544,0.5355282,103.05465,,,,
15:09:51.185+0300,11.690001,3.0449998,-0.105000004,,,,15:09:51.188+0300,0.091532625,9.691502,-1.495594,,,,15:09:51.190+0300,3.0,-3.0,15.000001,,,,15:09:51.192+0300,261.21115,0.5411212,102.988846,,,,
15:09:51.204+0300,3.395,1.19,-0.35,,,,15:09:51.206+0300,0.09317192,9.693019,-1.4856408,,,,15:09:51.208+0300,4.0,-1.0,9.0,,,,15:09:51.209+0300,261.26935,0.5507255,102.89778,,,,
15:09:51.225+0300,0.805,-0.7699999,0.21000001,,,,15:09:51.228+0300,0.0943167,9.697109,-1.458634,,,,15:09:51.230+0300,-1.0,0.0,21.0,,,,15:09:51.231+0300,261.42825,0.55725664,102.87534,,,,
15:09:51.245+0300,-5.495,-2.94,-0.14,,,,15:09:51.246+0300,0.09374504,9.702673,-1.4211831,,,,15:09:51.248+0300,-2.0,-1.0,13.0,,,,15:09:51.250+0300,261.64914,0.5535617,102.93723,,,,
15:09:51.264+0300,-8.365,-1.7149999,-0.105000004,,,,15:09:51.266+0300,0.09265052,9.710281,-1.3682957,,,,15:09:51.269+0300,-4.0,-2.0,16.0,,,,15:09:51.271+0300,261.96103,0.5466703,102.99531,,,,
15:09:51.285+0300,-13.16,1.855,-0.48999998,,,,15:09:51.288+0300,0.0919035,9.719912,-1.2981875,,,,15:09:51.290+0300,0.0,-1.0,18.0,,,,15:09:51.292+0300,262.37387,0.5417257,102.98293,,,,
15:09:51.304+0300,-18.48,2.205,-0.805,,,,15:09:51.306+0300,0.091579385,9.729688,-1.2227912,,,,15:09:51.308+0300,-3.0,0.0,-2.0,,,,15:09:51.309+0300,262.81708,0.539273,102.92359,,,,
15:09:51.325+0300,-24.255,-1.05,-0.7699999,,,,15:09:51.327+0300,0.089264095,9.74028,-1.1355197,,,,15:09:51.328+0300,1.0,1.0,5.0,,,,15:09:51.330+0300,263.33026,0.52506834,102.921875,,,,
15:09:51.344+0300,-26.25,-3.185,-0.84000003,,,,15:09:51.346+0300,0.08570231,9.751441,-1.0356033,,,,15:09:51.347+0300,2.0,-2.0,13.0,,,,15:09:51.348+0300,263.91742,0.5035414,103.00251,,,,
15:09:51.364+0300,-30.835003,-1.435,-0.945,,,,15:09:51.368+0300,0.08150223,9.762042,-0.9307465,,,,15:09:51.372+0300,3.0,0.0,2.0,,,,15:09:51.373+0300,264.53296,0.47834516,103.114716,,,,
15:09:51.387+0300,-33.355,0.21000001,-1.05,,,,15:09:51.390+0300,0.078328274,9.772645,-0.81219554,,,,15:09:51.392+0300,3.0,2.0,7.0,,,,15:09:51.394+0300,265.22717,0.45921892,103.1683,,,,
15:09:51.404+0300,-35.875,2.975,-0.805,,,,15:09:51.406+0300,0.076559804,9.782381,-0.68524086,,,,15:09:51.407+0300,4.0,2.0,-2.0,,,,15:09:51.408+0300,265.9682,0.44840455,103.13817,,,,
15:09:51.424+0300,-39.76,0.105000004,-0.665,,,,15:09:51.425+0300,0.075430796,9.790565,-0.5563982,,,,15:09:51.426+0300,-2.0,3.0,-14.0,,,,15:09:51.427+0300,266.71786,0.44142306,103.10757,,,,
15:09:51.444+0300,-42.489998,-2.7299998,-0.7699999,,,,15:09:51.446+0300,0.07352029,9.79755,-0.4159224,,,,15:09:51.446+0300,0.0,3.0,-2.0,,,,15:09:51.447+0300,267.53156,0.42993638,103.15521,,,,
15:09:51.464+0300,-41.825,-2.66,-0.9099999,,,,15:09:51.466+0300,0.07089841,9.802645,-0.2711977,,,,15:09:51.470+0300,-3.0,2.0,-2.0,,,,15:09:51.471+0300,268.3623,0.4143891,103.26835,,,,
15:09:51.485+0300,-42.98,-1.19,-1.12,,,,15:09:51.488+0300,0.067364104,9.805608,-0.1262807,,,,15:09:51.490+0300,-1.0,2.0,-11.0,,,,15:09:51.491+0300,269.16443,0.39361337,103.401215,,,,
15:09:51.504+0300,-45.709995,2.5900002,-0.97999996,,,,15:09:51.507+0300,0.06577186,9.806336,-0.042983986,,,,15:09:51.509+0300,-2.0,1.0,-9.0,,,,15:09:51.510+0300,270.4485,0.373568,103.68079,,,,
15:09:51.524+0300,-44.45,2.695,-1.155,,,,15:09:51.526+0300,0.06006167,9.804589,0.19186522,,,,15:09:51.528+0300,3.0,0.0,-20.0,,,,15:09:51.528+0300,271.17468,0.3509823,103.73262,,,,
15:09:51.545+0300,-44.835,-0.14,-1.12,,,,15:09:51.546+0300,0.05629647,9.800678,0.33752984,,,,15:09:51.548+0300,0.0,8.0,-22.0,,,,15:09:51.549+0300,271.9997,0.3291114,103.75153,,,,
15:09:51.564+0300,-45.429996,-2.625,-1.05,,,,15:09:51.566+0300,0.05452654,9.797939,0.409647,,,,15:09:51.568+0300,3.0,6.0,-9.0,,,,15:09:51.570+0300,272.83295,0.31174064,103.82039,,,,
15:09:51.586+0300,-42.665,-1.9950001,-1.085,,,,15:09:51.587+0300,0.05222937,9.7911005,0.5495663,,,,15:09:51.589+0300,4.0,-5.0,-18.0,,,,15:09:51.590+0300,273.60944,0.29949924,103.88821,,,,
15:09:51.605+0300,-41.895,1.12,-0.595,,,,15:09:51.606+0300,0.050167177,9.778504,0.7407728,,,,15:09:51.609+0300,3.0,-3.0,-20.0,,,,15:09:51.610+0300,274.34198,0.29394498,103.89454,,,,
15:09:51.625+0300,-39.934998,2.835,-0.84000003,,,,15:09:51.627+0300,0.04862638,9.768883,0.85846215,,,,15:09:51.629+0300,0.0,1.0,-18.0,,,,15:09:51.630+0300,275.0301,0.28519776,103.858246,,,,
15:09:51.644+0300,-36.225,1.33,-0.665,,,,15:09:51.646+0300,0.047531858,9.759511,0.9592203,,,,15:09:51.648+0300,-1.0,0.0,-30.000002,,,,15:09:51.649+0300,275.6201,0.2790461,103.83338,,,,
15:09:51.664+0300,-34.58,-1.8199998,-0.665,,,,15:09:51.666+0300,0.0473603,9.750485,1.0469916,,,,15:09:51.670+0300,-2.0,2.0,-24.0,,,,15:09:51.673+0300,276.135,0.2782963,103.86146,,,,
15:09:51.686+0300,-31.255,-2.7299998,-0.56,,,,15:09:51.688+0300,0.04733926,9.7461195,1.0868665,,,,15:09:51.690+0300,-3.0,-2.0,-13.0,,,,15:09:51.691+0300,276.5841,0.27858594,103.918755,,,,
15:09:51.705+0300,-26.32,-0.105000004,-0.35,,,,15:09:51.707+0300,0.047025956,9.738309,1.1547855,,,,15:09:51.709+0300,0.0,-3.0,-24.0,,,,15:09:51.710+0300,276.95206,0.2748523,103.94616,,,,
15:09:51.725+0300,-23.485,2.4149997,-0.87499994,,,,15:09:51.727+0300,0.044919923,9.731151,1.2137147,,,,15:09:51.728+0300,0.0,-2.0,-20.0,,,,15:09:51.730+0300,277.23874,0.25463557,103.937126,,,,
15:09:51.744+0300,-18.724998,2.1,-0.7,,,,15:09:51.746+0300,0.04138941,9.726215,1.2527707,,,,15:09:51.748+0300,2.0,-2.0,-20.0,,,,15:09:51.749+0300,277.34338,0.2438178,103.92649,,,,
15:09:51.764+0300,-13.685,-0.595,-0.735,,,,15:09:51.766+0300,0.039157122,9.723395,1.2745324,,,,15:09:51.770+0300,4.0,1.0,-26.0,,,,15:09:51.773+0300,277.4886,0.22965729,103.922775,,,,
15:09:51.784+0300,-10.115001,-1.9950001,-0.735,,,,15:09:51.790+0300,0.039627954,9.722758,1.27938,,,,15:09:51.792+0300,6.0,-4.0,-21.0,,,,15:09:51.793+0300,277.48413,0.23623888,103.95678,,,,
15:09:51.804+0300,-4.41,-0.84000003,-0.35,,,,15:09:51.806+0300,0.04164251,9.723769,1.2715964,,,,15:09:51.809+0300,2.0,-2.0,-10.0,,,,15:09:51.812+0300,277.39062,0.25118563,103.96978,,,,
15:09:51.824+0300,0.24499999,1.33,-0.21000001,,,,15:09:51.826+0300,0.04386837,9.727038,1.2462761,,,,15:09:51.828+0300,1.0,-2.0,-18.0,,,,15:09:51.830+0300,277.30566,0.25839883,103.959305,,,,
15:09:51.845+0300,4.8299994,1.6800001,0.28,,,,15:09:51.847+0300,0.045319445,9.731899,1.2076696,,,,15:09:51.849+0300,-3.0,-3.0,-14.0,,,,15:09:51.851+0300,277.07886,0.2668127,103.91453,,,,
15:09:51.865+0300,10.745,-0.48999998,0.0,,,,15:09:51.867+0300,0.04720365,9.738664,1.1517911,,,,15:09:51.869+0300,-1.0,-1.0,-14.0,,,,15:09:51.871+0300,276.75058,0.2777125,103.87592,,,,
15:09:51.884+0300,12.424999,-1.505,0.525,,,,15:09:51.888+0300,0.047939565,9.742528,1.1185914,,,,15:09:51.890+0300,-3.0,-1.0,-19.0,,,,15:09:51.892+0300,276.347,0.2910674,103.878525,,,,
15:09:51.906+0300,15.645,-1.8199998,0.035,,,,15:09:51.908+0300,0.05095716,9.754738,1.0064222,,,,15:09:51.910+0300,-1.0,-1.0,4.0,,,,15:09:51.912+0300,275.898,0.2993011,103.908615,,,,
15:09:51.925+0300,21.735,0.035,0.035,,,,15:09:51.928+0300,0.051479135,9.763636,0.91606855,,,,15:09:51.929+0300,0.0,1.0,-8.0,,,,15:09:51.931+0300,275.3684,0.30209136,103.91247,,,,
15:09:51.944+0300,24.675001,2.1349998,-0.175,,,,15:09:51.948+0300,0.05067045,9.772404,0.81728673,,,,15:09:51.951+0300,3.0,3.0,-10.0,,,,15:09:51.953+0300,274.78973,0.29707912,103.88245,,,,
15:09:51.964+0300,27.475002,1.575,0.07,,,,15:09:51.967+0300,0.050756667,9.780833,0.70932317,,,,15:09:51.970+0300,3.0,0.0,1.0,,,,15:09:51.971+0300,274.15842,0.2973281,103.84283,,,,
15:09:51.984+0300,32.795,-0.7699999,0.7,,,,15:09:51.988+0300,0.051723175,9.784779,0.6525614,,,,15:09:51.991+0300,4.0,1.0,-8.0,,,,15:09:51.992+0300,273.4748,0.31299198,103.82498,,,,
15:09:52.004+0300,34.3,-1.925,0.84000003,,,,15:09:52.008+0300,0.057076517,9.795292,0.46840137,,,,15:09:52.009+0300,1.0,0.0,2.0,,,,15:09:52.011+0300,272.7578,0.3338549,103.83053,,,,
15:09:52.025+0300,36.539997,-0.945,0.56,,,,15:09:52.027+0300,0.059961133,9.800518,0.3415484,,,,15:09:52.029+0300,0.0,5.0,12.0,,,,15:09:52.030+0300,272.0263,0.35054037,103.83109,,,,
15:09:52.044+0300,40.145,0.87499994,0.665,,,,15:09:52.046+0300,0.061280984,9.802616,0.2745628,,,,15:09:52.048+0300,-1.0,0.0,2.0,,,,15:09:52.049+0300,271.25287,0.36565298,103.79266,,,,
15:09:52.065+0300,40.67,1.7149999,0.665,,,,15:09:52.067+0300,0.063968904,9.805511,0.13500644,,,,15:09:52.072+0300,-2.0,2.0,5.0,,,,15:09:52.074+0300,270.5385,0.38077375,103.68934,,,,
15:09:52.085+0300,42.315,0.07,1.085,,,,15:09:52.090+0300,0.06695786,9.806421,-0.0046475334,,,,15:09:52.094+0300,-3.0,2.0,13.0,,,,15:09:52.096+0300,269.3651,0.40336126,103.34677,,,,
15:09:52.105+0300,44.17,-1.435,0.7,,,,15:09:52.108+0300,0.07016864,9.805117,-0.15856735,,,,15:09:52.110+0300,-3.0,5.0,7.0,,,,15:09:52.112+0300,268.57358,0.41665062,103.26774,,,,
15:09:52.125+0300,42.875,-1.19,0.48999998,,,,15:09:52.127+0300,0.07225421,9.801578,-0.30698273,,,,15:09:52.130+0300,0.0,4.0,20.0,,,,15:09:52.131+0300,267.74936,0.4266155,103.25085,,,,
15:09:52.144+0300,43.26,0.525,0.24499999,,,,15:09:52.146+0300,0.0735539,9.7961235,-0.4482786,,,,15:09:52.149+0300,4.0,2.0,19.0,,,,15:09:52.151+0300,266.9386,0.43310598,103.22364,,,,
15:09:52.164+0300,42.665,1.7850001,0.28,,,,15:09:52.166+0300,0.07457506,9.788614,-0.5897797,,,,15:09:52.169+0300,4.0,0.0,9.0,,,,15:09:52.173+0300,266.08603,0.44207326,103.16567,,,,
15:09:52.184+0300,40.844997,0.97999996,0.48999998,,,,15:09:52.187+0300,0.07678659,9.779092,-0.7306483,,,,15:09:52.191+0300,4.0,-1.0,22.0,,,,15:09:52.193+0300,265.33368,0.45813602,103.10301,,,,
15:09:52.206+0300,39.69,-1.085,0.805,,,,15:09:52.208+0300,0.07960019,9.768994,-0.8548948,,,,15:09:52.211+0300,-1.0,3.0,18.0,,,,15:09:52.213+0300,264.6291,0.47701705,103.0704,,,,
15:09:52.224+0300,37.66,-1.47,0.945,,,,15:09:52.226+0300,0.08286884,9.757959,-0.9725164,,,,15:09:52.228+0300,1.0,1.0,16.0,,,,15:09:52.230+0300,263.96927,0.49767613,103.05469,,,,
15:09:52.244+0300,34.3,-0.105000004,0.87499994,,,,15:09:52.246+0300,0.0865823,9.7469225,-1.0772241,,,,15:09:52.248+0300,-3.0,3.0,23.0,,,,15:09:52.250+0300,263.67316,0.5089473,103.04042,,,,
15:09:52.264+0300,32.829998,1.5399998,1.05,,,,15:09:52.266+0300,0.089958504,9.736557,-1.1669612,,,,15:09:52.271+0300,-2.0,-2.0,26.0,,,,15:09:52.272+0300,263.1455,0.52935517,102.98793,,,,
15:09:52.284+0300,28.945,1.3649999,0.42000002,,,,15:09:52.288+0300,0.093297586,9.726486,-1.2478496,,,,15:09:52.290+0300,-3.0,-4.0,15.000001,,,,15:09:52.293+0300,262.47037,0.55435413,102.88681,,,,
15:09:52.304+0300,24.535,-0.28,0.24499999,,,,15:09:52.307+0300,0.094454356,9.717893,-1.3130238,,,,15:09:52.311+0300,-2.0,-1.0,25.0,,,,15:09:52.313+0300,262.13324,0.55705655,102.87901,,,,
15:09:52.325+0300,22.365,-1.505,-0.07,,,,15:09:52.328+0300,0.09399112,9.711075,-1.3625691,,,,15:09:52.330+0300,2.0,-4.0,19.0,,,,15:09:52.331+0300,261.86887,0.55031884,102.919075,,,,
15:09:52.344+0300,17.535,-0.84000003,0.14,,,,15:09:52.346+0300,0.092176475,9.705625,-1.4009938,,,,15:09:52.348+0300,3.0,2.0,17.0,,,,15:09:52.350+0300,261.69305,0.5443976,102.95525,,,,
15:09:52.364+0300,12.88,1.12,0.0,,,,15:09:52.366+0300,0.09222002,9.702531,-1.4222575,,,,15:09:52.367+0300,4.0,-4.0,23.0,,,,15:09:52.371+0300,261.64343,0.5445651,102.951614,,,,
15:09:52.385+0300,9.87,1.645,-0.14,,,,15:09:52.386+0300,0.093337625,9.701635,-1.4282688,,,,15:09:52.393+0300,2.0,-2.0,12.0,,,,15:09:52.395+0300,261.60803,0.555044,102.88276,,,,
15:09:52.404+0300,4.06,0.45499995,-0.035,,,,15:09:52.406+0300,0.09485242,9.702196,-1.4243518,,,,15:09:52.407+0300,2.0,-3.0,12.0,,,,15:09:52.410+0300,261.62997,0.56012785,102.86061,,,,
15:09:52.424+0300,-0.21000001,-1.05,-0.035,,,,15:09:52.426+0300,0.09610972,9.705413,-1.4021775,,,,15:09:52.428+0300,-1.0,-1.0,22.0,,,,15:09:52.429+0300,261.85187,0.56813693,102.849495,,,,
15:09:52.444+0300,-3.885,-1.4,0.105000004,,,,15:09:52.446+0300,0.09615093,9.710164,-1.3688953,,,,15:09:52.447+0300,-4.0,-1.0,14.0,,,,15:09:52.448+0300,261.95612,0.5673295,102.8627,,,,
15:09:52.464+0300,-9.905001,0.315,-0.24499999,,,,15:09:52.466+0300,0.09576602,9.716527,-1.3230081,,,,15:09:52.468+0300,-1.0,-2.0,10.0,,,,15:09:52.470+0300,262.22632,0.56468844,102.88506,,,,
15:09:52.485+0300,-13.195,1.5399998,-0.42000002,,,,15:09:52.487+0300,0.09490269,9.724727,-1.2613807,,,,15:09:52.490+0300,-3.0,1.0,19.0,,,,15:09:52.493+0300,262.7891,0.5559724,102.86987,,,,
15:09:52.504+0300,-16.695,1.085,-0.35,,,,15:09:52.506+0300,0.09376024,9.733425,-1.1924907,,,,15:09:52.509+0300,0.0,1.0,0.0,,,,15:09:52.511+0300,263.43076,0.54369855,102.8661,,,,
15:09:52.525+0300,-22.4,-0.805,-0.87499994,,,,15:09:52.527+0300,0.09070611,9.75053,-1.043703,,,,15:09:52.529+0300,1.0,-2.0,0.0,,,,15:09:52.531+0300,264.2807,0.52240276,102.910934,,,,
15:09:52.544+0300,-25.025,-1.7149999,-0.665,,,,15:09:52.546+0300,0.08768296,9.764532,-0.90367204,,,,15:09:52.548+0300,1.0,1.0,7.0,,,,15:09:52.549+0300,264.68793,0.5144874,102.94147,,,,
15:09:52.564+0300,-28.175,-0.56,-0.7,,,,15:09:52.566+0300,0.085265376,9.772909,-0.80831254,,,,15:09:52.572+0300,3.0,0.0,-4.0,,,,15:09:52.574+0300,265.54617,0.49307114,103.02193,,,,
15:09:52.585+0300,-32.864998,1.155,-0.7699999,,,,15:09:52.588+0300,0.08306436,9.78118,-0.70142454,,,,15:09:52.591+0300,2.0,-1.0,0.0,,,,15:09:52.592+0300,265.8697,0.48655915,103.03154,,,,
15:09:52.604+0300,-34.23,1.33,-0.735,,,,15:09:52.607+0300,0.08099691,9.788941,-0.58351946,,,,15:09:52.610+0300,3.0,3.0,0.0,,,,15:09:52.612+0300,266.90216,0.468549,103.03502,,,,
15:09:52.624+0300,-34.93,0.735,-0.7,,,,15:09:52.627+0300,0.07911971,9.7953825,-0.46329322,,,,15:09:52.629+0300,0.0,0.0,-13.0,,,,15:09:52.631+0300,267.61688,0.45652568,103.06352,,,,
15:09:52.644+0300,-40.109997,-1.7149999,-0.56,,,,15:09:52.647+0300,0.07674539,9.800683,-0.3333394,,,,15:09:52.648+0300,2.0,3.0,-6.0,,,,15:09:52.650+0300,268.0012,0.4486521,103.10119,,,,
15:09:52.665+0300,-39.864998,-1.05,-0.56,,,,15:09:52.667+0300,0.07447452,9.804529,-0.18982524,,,,15:09:52.669+0300,-5.0,6.0,-5.0,,,,15:09:52.672+0300,268.8084,0.43520635,103.20097,,,,
15:09:52.684+0300,-41.895,0.735,-0.97999996,,,,15:09:52.688+0300,0.07235621,9.806278,-0.045561727,,,,15:09:52.690+0300,0.0,1.0,-17.0,,,,15:09:52.692+0300,269.5011,0.42275268,103.33765,,,,
15:09:52.705+0300,-43.61,1.4,-0.84000003,,,,15:09:52.708+0300,0.06912702,9.80584,0.10567805,,,,15:09:52.711+0300,-3.0,5.0,-11.0,,,,15:09:52.712+0300,270.73676,0.40390435,103.64165,,,,
15:09:52.724+0300,-42.35,1.155,-1.435,,,,15:09:52.728+0300,0.065042384,9.803321,0.24706864,,,,15:09:52.731+0300,3.0,2.0,-19.0,,,,15:09:52.732+0300,271.49304,0.38013643,103.67302,,,,
15:09:52.744+0300,-42.769997,-0.805,-1.225,,,,15:09:52.747+0300,0.0609329,9.798721,0.3895359,,,,15:09:52.749+0300,4.0,3.0,-22.0,,,,15:09:52.750+0300,272.3041,0.3562866,103.70807,,,,
15:09:52.765+0300,-41.579998,-1.085,-0.595,,,,15:09:52.767+0300,0.05802052,9.792483,0.5237398,,,,15:09:52.768+0300,5.0,1.0,-14.0,,,,15:09:52.771+0300,273.08008,0.33947384,103.75316,,,,
15:09:52.784+0300,-40.18,-0.805,-0.525,,,,15:09:52.788+0300,0.057547934,9.785043,0.6481062,,,,15:09:52.790+0300,2.0,0.0,-23.0,,,,15:09:52.792+0300,273.80417,0.33696488,103.77886,,,,
15:09:52.804+0300,-39.585,0.24499999,-0.35,,,,15:09:52.806+0300,0.05716361,9.780955,0.7071505,,,,15:09:52.809+0300,1.0,2.0,-23.0,,,,15:09:52.810+0300,274.48334,0.33573863,103.78662,,,,
15:09:52.824+0300,-37.800003,1.155,-0.84000003,,,,15:09:52.827+0300,0.05577625,9.766946,0.8798107,,,,15:09:52.829+0300,-2.0,0.0,-19.0,,,,15:09:52.830+0300,275.15753,0.32719636,103.78275,,,,
15:09:52.845+0300,-34.054996,0.595,-0.7699999,,,,15:09:52.847+0300,0.05401567,9.75816,0.9725135,,,,15:09:52.849+0300,-3.0,1.0,-28.0,,,,15:09:52.850+0300,275.70013,0.3171539,103.785385,,,,
15:09:52.864+0300,-32.515,-0.595,-0.9099999,,,,15:09:52.866+0300,0.052490067,9.749895,1.0522382,,,,15:09:52.867+0300,1.0,-1.0,-27.000002,,,,15:09:52.868+0300,276.1672,0.3084577,103.80825,,,,
15:09:52.884+0300,-30.204996,-0.735,-0.595,,,,15:09:52.885+0300,0.051150635,9.741892,1.1239725,,,,15:09:52.888+0300,0.0,0.0,-13.0,,,,15:09:52.889+0300,276.5882,0.30083364,103.836296,,,,
15:09:52.905+0300,-24.99,0.105000004,-0.87499994,,,,15:09:52.907+0300,0.050398353,9.73844,1.1535429,,,,15:09:52.908+0300,2.0,-6.0,-25.0,,,,15:09:52.911+0300,276.9062,0.29120842,103.853806,,,,
15:09:52.924+0300,-22.505,1.12,-0.735,,,,15:09:52.927+0300,0.048325054,9.730538,1.2184745,,,,15:09:52.928+0300,2.0,-1.0,-23.0,,,,15:09:52.929+0300,277.14307,0.28454733,103.85118,,,,
15:09:52.945+0300,-16.135,0.24499999,-0.665,,,,15:09:52.946+0300,0.04713263,9.726675,1.2489877,,,,15:09:52.947+0300,2.0,0.0,-16.0,,,,15:09:52.948+0300,277.32236,0.2776365,103.84392,,,,
15:09:52.965+0300,-11.9,-0.48999998,-0.24499999,,,,15:09:52.967+0300,0.047140814,9.725091,1.261262,,,,15:09:52.968+0300,2.0,-3.0,-25.0,,,,15:09:52.974+0300,277.39462,0.2777299,103.843475,,,,
15:09:52.984+0300,-10.219999,-0.945,-0.42000002,,,,15:09:52.988+0300,0.048353698,9.725216,1.2602491,,,,15:09:52.990+0300,-1.0,-2.0,-17.0,,,,15:09:52.992+0300,277.38895,0.28487182,103.85105,,,,
15:09:53.005+0300,-5.95,-0.63,-0.07,,,,15:09:53.008+0300,0.049934536,9.726791,1.2479776,,,,15:09:53.010+0300,1.0,-3.0,-12.0,,,,15:09:53.011+0300,277.31702,0.2941374,103.85567,,,,
15:09:53.024+0300,-0.35,0.14,-0.105000004,,,,15:09:53.026+0300,0.05081249,9.730367,1.2197435,,,,15:09:53.028+0300,-1.0,-4.0,-20.0,,,,15:09:53.030+0300,277.15112,0.29919887,103.85155,,,,
15:09:53.045+0300,5.2149997,0.7,0.28,,,,15:09:53.048+0300,0.051223993,9.7352915,1.179782,,,,15:09:53.050+0300,-1.0,-1.0,-12.0,,,,15:09:53.051+0300,276.91617,0.30146933,103.833084,,,,
15:09:53.064+0300,8.82,-0.14,0.28,,,,15:09:53.067+0300,0.05284487,9.741568,1.1267163,,,,15:09:53.068+0300,-1.0,-3.0,-14.0,,,,15:09:53.069+0300,276.60468,0.31080815,103.815414,,,,
15:09:53.086+0300,13.23,-0.945,-0.07,,,,15:09:53.091+0300,0.054159753,9.748899,1.0613304,,,,15:09:53.092+0300,-1.0,1.0,-14.0,,,,15:09:53.093+0300,276.22113,0.31830192,103.815125,,,,
15:09:53.104+0300,14.595,-0.805,-0.175,,,,15:09:53.107+0300,0.055055533,9.760627,0.947375,,,,15:09:53.108+0300,3.0,0.0,3.0,,,,15:09:53.110+0300,275.5531,0.32317764,103.826706,,,,
15:09:53.124+0300,20.789999,0.07,-0.14,,,,15:09:53.127+0300,0.057801615,9.773829,0.7995792,,,,15:09:53.128+0300,4.0,-1.0,-4.0,,,,15:09:53.129+0300,274.68893,0.33883858,103.810356,,,,
15:09:53.145+0300,23.135,1.015,0.035,,,,15:09:53.146+0300,0.06195523,9.784195,0.6603788,,,,15:09:53.147+0300,5.0,0.0,-2.0,,,,15:09:53.148+0300,273.87808,0.36280203,103.76129,,,,
15:09:53.165+0300,26.179998,0.805,0.35,,,,15:09:53.167+0300,0.063275374,9.790105,0.5659107,,,,15:09:53.168+0300,0.0,0.0,8.0,,,,15:09:53.169+0300,273.32874,0.37030876,103.73027,,,,
15:09:53.184+0300,31.115,-0.315,0.595,,,,15:09:53.186+0300,0.06579174,9.795729,0.4579992,,,,15:09:53.188+0300,2.0,-1.0,-3.0,,,,15:09:53.190+0300,272.70428,0.38481387,103.707695,,,,
15:09:53.205+0300,32.760002,-0.735,0.735,,,,15:09:53.212+0300,0.06929302,9.800417,0.34269407,,,,15:09:53.213+0300,-3.0,3.0,2.0,,,,15:09:53.216+0300,271.71396,0.41244078,103.6903,,,,
15:09:53.225+0300,34.23,-0.35,0.42000002,,,,15:09:53.227+0300,0.071416594,9.8038025,0.22530572,,,,15:09:53.230+0300,-4.0,1.0,14.0,,,,15:09:53.231+0300,271.38083,0.41736838,103.68328,,,,
15:09:53.245+0300,38.22,0.48999998,0.9099999,,,,15:09:53.247+0300,0.0739163,9.805962,0.089831665,,,,15:09:53.248+0300,-3.0,2.0,3.0,,,,15:09:53.249+0300,270.67896,0.43188134,103.62065,,,,
15:09:53.264+0300,38.605,1.26,0.595,,,,15:09:53.266+0300,0.0751739,9.806334,0.023359248,,,,15:09:53.268+0300,-2.0,5.0,10.0,,,,15:09:53.270+0300,269.4914,0.44509274,103.282364,,,,
15:09:53.285+0300,39.795,0.28,0.42000002,,,,15:09:53.291+0300,0.077101946,9.805666,-0.11564064,,,,15:09:53.293+0300,1.0,2.0,16.0,,,,15:09:53.295+0300,268.83954,0.45467892,103.150566,,,,
15:09:53.305+0300,41.545002,-0.87499994,0.42000002,,,,15:09:53.308+0300,0.07843699,9.803101,-0.25196344,,,,15:09:53.311+0300,3.0,2.0,10.0,,,,15:09:53.312+0300,268.06427,0.46253312,103.10775,,,,
15:09:53.326+0300,40.53,-0.735,0.595,,,,15:09:53.329+0300,0.080028646,9.7985525,-0.3903373,,,,15:09:53.332+0300,4.0,2.0,21.0,,,,15:09:53.333+0300,267.248,0.47496358,103.07722,,,,
15:09:53.345+0300,40.915,0.48999998,0.84000003,,,,15:09:53.348+0300,0.08202654,9.791621,-0.5364841,,,,15:09:53.350+0300,1.0,4.0,20.0,,,,15:09:53.351+0300,266.44653,0.48996308,103.03191,,,,
15:09:53.364+0300,40.39,0.805,0.63,,,,15:09:53.366+0300,0.08538403,9.78353,-0.6675649,,,,15:09:53.368+0300,1.0,1.0,12.0,,,,15:09:53.372+0300,265.69598,0.5087456,102.97168,,,,
15:09:53.384+0300,37.904995,0.14,0.56,,,,15:09:53.389+0300,0.08837825,9.774265,-0.79139704,,,,15:09:53.393+0300,-2.0,2.0,27.000002,,,,15:09:53.394+0300,264.97305,0.526091,102.924644,,,,
15:09:53.404+0300,38.08,-0.63,0.595,,,,15:09:53.409+0300,0.09122779,9.763261,-0.91696054,,,,15:09:53.413+0300,-2.0,1.0,20.0,,,,15:09:53.414+0300,264.28555,0.542219,102.8987,,,,
15:09:53.425+0300,35.07,-0.35,0.45499995,,,,15:09:53.427+0300,0.09376871,9.751898,-1.0305753,,,,15:09:53.430+0300,-1.0,-2.0,16.0,,,,15:09:53.432+0300,263.6593,0.5559201,102.879295,,,,
15:09:53.444+0300,32.059998,0.315,0.315,,,,15:09:53.446+0300,0.095691785,9.741639,-1.1232705,,,,15:09:53.447+0300,-1.0,1.0,26.0,,,,15:09:53.448+0300,263.399,0.5627964,102.866905,,,,
15:09:53.464+0300,30.380001,0.7699999,0.35,,,,15:09:53.466+0300,0.09707301,9.731998,-1.2038112,,,,15:09:53.467+0300,-3.0,1.0,25.0,,,,15:09:53.468+0300,262.92584,0.57148486,102.83961,,,,
15:09:53.484+0300,26.774998,0.595,0.14,,,,15:09:53.486+0300,0.09812194,9.723027,-1.2741835,,,,15:09:53.493+0300,-1.0,-2.0,19.0,,,,15:09:53.495+0300,262.33597,0.5791011,102.80248,,,,
15:09:53.505+0300,22.890001,-0.21000001,-0.035,,,,15:09:53.509+0300,0.09829466,9.715599,-1.3296179,,,,15:09:53.511+0300,-2.0,-1.0,24.0,,,,15:09:53.514+0300,262.05716,0.57747215,102.8059,,,,
15:09:53.524+0300,21.595,-0.48999998,0.24499999,,,,15:09:53.526+0300,0.098018184,9.709838,-1.3710821,,,,15:09:53.528+0300,4.0,-2.0,21.0,,,,15:09:53.531+0300,261.94247,0.57836574,102.80876,,,,
15:09:53.544+0300,15.434999,-0.07,0.105000004,,,,15:09:53.546+0300,0.097822666,9.705405,-1.4021155,,,,15:09:53.548+0300,3.0,-4.0,17.0,,,,15:09:53.549+0300,261.75983,0.5774757,102.820045,,,,
15:09:53.564+0300,11.305,0.84000003,-0.28,,,,15:09:53.566+0300,0.0984218,9.703212,-1.4171774,,,,15:09:53.567+0300,1.0,-1.0,25.0,,,,15:09:53.568+0300,261.67084,0.58114374,102.80864,,,,
15:09:53.585+0300,7.455,0.7699999,0.21000001,,,,15:09:53.586+0300,0.099086985,9.70286,-1.4195576,,,,15:09:53.589+0300,1.0,-2.0,15.000001,,,,15:09:53.590+0300,261.65665,0.5850923,102.77858,,,,
15:09:53.604+0300,5.1099997,0.38499996,0.24499999,,,,15:09:53.606+0300,0.0998907,9.703471,-1.4153011,,,,15:09:53.608+0300,-2.0,-2.0,13.0,,,,15:09:53.610+0300,261.726,0.5938657,102.74507,,,,
15:09:53.624+0300,0.24499999,-0.38499996,0.035,,,,15:09:53.627+0300,0.10115181,9.70848,-1.3804309,,,,15:09:53.628+0300,-3.0,0.0,19.0,,,,15:09:53.629+0300,261.8861,0.5969381,102.742325,,,,
15:09:53.645+0300,-3.185,-0.735,-0.14,,,,15:09:53.646+0300,0.10049568,9.713777,-1.3426988,,,,15:09:53.647+0300,-3.0,-3.0,10.0,,,,15:09:53.648+0300,262.10837,0.59274304,102.762276,,,,
15:09:53.664+0300,-8.435,-0.07,-0.665,,,,15:09:53.665+0300,0.09915771,9.717037,-1.3189958,,,,15:09:53.667+0300,1.0,-3.0,14.0,,,,15:09:53.668+0300,262.41052,0.57659566,102.797585,,,,
15:09:53.684+0300,-12.285,1.05,-0.28,,,,15:09:53.686+0300,0.09662702,9.729342,-1.2251322,,,,15:09:53.693+0300,-2.0,0.0,12.0,,,,15:09:53.694+0300,262.80096,0.5690146,102.79304,,,,
15:09:53.704+0300,-15.645,0.84000003,-0.525,,,,15:09:53.708+0300,0.09464812,9.73883,-1.1474586,,,,15:09:53.709+0300,2.0,-1.0,2.0,,,,15:09:53.711+0300,263.67432,0.54886067,102.81032,,,,
15:09:53.724+0300,-20.965,-0.24499999,-0.525,,,,15:09:53.725+0300,0.09185586,9.754077,-1.0099357,,,,15:09:53.727+0300,1.0,-1.0,-4.0,,,,15:09:53.728+0300,264.0645,0.5395486,102.82533,,,,
15:09:53.745+0300,-23.309998,-0.7699999,-0.84000003,,,,15:09:53.746+0300,0.0896718,9.7723465,-0.814602,,,,15:09:53.747+0300,2.0,-1.0,1.0,,,,15:09:53.748+0300,265.2063,0.5257356,102.863785,,,,
15:09:53.764+0300,-26.074999,-0.45499995,-0.56,,,,15:09:53.765+0300,0.08857611,9.776024,-0.76937693,,,,15:09:53.767+0300,5.0,-1.0,-8.0,,,,15:09:53.768+0300,265.74597,0.51431113,102.902794,,,,
15:09:53.784+0300,-30.660002,0.48999998,-0.525,,,,15:09:53.786+0300,0.08706629,9.783298,-0.6707412,,,,15:09:53.787+0300,-3.0,4.0,2.0,,,,15:09:53.789+0300,266.36002,0.50575304,102.917885,,,,
15:09:53.806+0300,-32.059998,0.945,-0.63,,,,15:09:53.809+0300,0.08487988,9.793322,-0.5040361,,,,15:09:53.811+0300,1.0,1.0,-7.0,,,,15:09:53.812+0300,267.0124,0.49657696,102.925545,,,,
15:09:53.824+0300,-34.475002,-0.175,-0.7699999,,,,15:09:53.828+0300,0.0827721,9.798626,-0.3879466,,,,15:09:53.832+0300,-5.0,1.0,-15.000001,,,,15:09:53.833+0300,267.682,0.4839841,102.96046,,,,
15:09:53.844+0300,-37.765,-0.7699999,-0.9099999,,,,15:09:53.846+0300,0.08162702,9.800931,-0.32479486,,,,15:09:53.848+0300,2.0,2.0,-3.0,,,,15:09:53.849+0300,268.40997,0.46788916,103.03061,,,,
15:09:53.864+0300,-37.73,-0.63,-0.735,,,,15:09:53.866+0300,0.078840606,9.804394,-0.19503391,,,,15:09:53.867+0300,-1.0,1.0,-12.0,,,,15:09:53.868+0300,269.14386,0.4525941,103.13606,,,,
15:09:53.884+0300,-39.829998,0.45499995,-1.015,,,,15:09:53.885+0300,0.075932905,9.806177,-0.059268184,,,,15:09:53.886+0300,2.0,1.0,-15.000001,,,,15:09:53.891+0300,270.4352,0.43375197,103.31801,,,,
15:09:53.904+0300,-41.09,0.87499994,-1.015,,,,15:09:53.908+0300,0.07261749,9.806087,0.07613748,,,,15:09:53.910+0300,1.0,4.0,-12.0,,,,15:09:53.912+0300,270.9417,0.41459346,103.56584,,,,
15:09:53.924+0300,-39.48,0.42000002,-1.12,,,,15:09:53.928+0300,0.06749942,9.802545,0.2755822,,,,15:09:53.930+0300,3.0,1.0,-22.0,,,,15:09:53.931+0300,271.65802,0.39452723,103.59461,,,,
15:09:53.944+0300,-40.67,-0.525,-0.97999996,,,,15:09:53.945+0300,0.06582506,9.800537,0.33991584,,,,15:09:53.947+0300,3.0,2.0,-20.0,,,,15:09:53.948+0300,272.02313,0.38481987,103.6101,,,,
15:09:53.964+0300,-39.76,-0.84000003,-0.7699999,,,,15:09:53.966+0300,0.06321692,9.794545,0.48300332,,,,15:09:53.967+0300,0.0,2.0,-14.0,,,,15:09:53.970+0300,273.20294,0.36552697,103.66458,,,,
15:09:53.984+0300,-37.449997,-0.24499999,-0.735,,,,15:09:53.986+0300,0.061992638,9.78788,0.60330904,,,,15:09:53.987+0300,2.0,2.0,-21.0,,,,15:09:53.990+0300,273.54553,0.3628844,103.674774,,,,
15:09:54.005+0300,-37.38,0.38499996,-0.97999996,,,,15:09:54.008+0300,0.060718965,9.780443,0.71388537,,,,15:09:54.010+0300,-2.0,-1.0,-24.0,,,,15:09:54.011+0300,274.50275,0.3489616,103.69553,,,,
15:09:54.024+0300,-34.93,0.525,-0.945,,,,15:09:54.026+0300,0.058443714,9.772247,0.818627,,,,15:09:54.028+0300,0.0,-1.0,-19.0,,,,15:09:54.029+0300,274.8007,0.34265798,103.699234,,,,
15:09:54.044+0300,-31.815,-0.14,-0.84000003,,,,15:09:54.046+0300,0.05638357,9.764174,0.9100176,,,,15:09:54.050+0300,1.0,0.0,-30.000002,,,,15:09:54.051+0300,275.57196,0.3256276,103.72068,,,,
15:09:54.065+0300,-30.24,-0.7,-0.63,,,,15:09:54.066+0300,0.05482523,9.756487,0.98912156,,,,15:09:54.070+0300,1.0,-2.0,-22.0,,,,15:09:54.071+0300,276.01074,0.31974772,103.7429,,,,
15:09:54.085+0300,-26.635,-0.35,-0.7,,,,15:09:54.086+0300,0.053942602,9.749235,1.0582646,,,,15:09:54.088+0300,-2.0,0.0,-17.0,,,,15:09:54.092+0300,276.40088,0.31282303,103.76499,,,,
15:09:54.104+0300,-23.205,0.14,-0.48999998,,,,15:09:54.107+0300,0.052419923,9.742641,1.1174077,,,,15:09:54.112+0300,-1.0,-2.0,-28.0,,,,15:09:54.113+0300,276.68036,0.3066182,103.775024,,,,
15:09:54.125+0300,-20.439999,0.595,-0.56,,,,15:09:54.126+0300,0.051841833,9.737761,1.1591998,,,,15:09:54.128+0300,3.0,-2.0,-22.0,,,,15:09:54.129+0300,276.79532,0.30502805,103.77466,,,,
15:09:54.146+0300,-15.785,0.315,-0.35,,,,15:09:54.148+0300,0.050616674,9.734145,1.1892302,,,,15:09:54.151+0300,0.0,-1.0,-21.0,,,,15:09:54.152+0300,277.02475,0.29845104,103.77267,,,,
15:09:54.165+0300,-11.935,-0.35,-0.315,,,,15:09:54.167+0300,0.05062223,9.732383,1.2035627,,,,15:09:54.168+0300,3.0,-4.0,-22.0,,,,15:09:54.170+0300,277.06604,0.30080208,103.77584,,,,
15:09:54.184+0300,-8.26,-0.48999998,-0.175,,,,15:09:54.186+0300,0.051339142,9.732184,1.2051269,,,,15:09:54.187+0300,0.0,0.0,-17.0,,,,15:09:54.193+0300,277.0653,0.30224344,103.77938,,,,
15:09:54.205+0300,-3.255,0.035,-0.45499995,,,,15:09:54.207+0300,0.052147243,9.733417,1.1951065,,,,15:09:54.210+0300,1.0,-2.0,-13.0,,,,15:09:54.211+0300,276.94193,0.3068766,103.784546,,,,
15:09:54.225+0300,0.38499996,0.48999998,0.035,,,,15:09:54.226+0300,0.052707803,9.736445,1.1701422,,,,15:09:54.228+0300,0.0,-4.0,-19.0,,,,15:09:54.229+0300,276.85992,0.31016502,103.77843,,,,
15:09:54.244+0300,4.2699995,0.35,0.0,,,,15:09:54.246+0300,0.05340338,9.74069,1.1342303,,,,15:09:54.247+0300,0.0,-1.0,-12.0,,,,15:09:54.248+0300,276.64905,0.31412122,103.76406,,,,
15:09:54.265+0300,9.450001,-0.315,0.14,,,,15:09:54.267+0300,0.05452771,9.746121,1.0865339,,,,15:09:54.268+0300,-1.0,-1.0,-10.0,,,,15:09:54.269+0300,276.36914,0.32055572,103.75434,,,,
15:09:54.285+0300,11.9,-0.63,-0.105000004,,,,15:09:54.287+0300,0.055711366,9.752709,1.0256478,,,,15:09:54.291+0300,1.0,-1.0,-17.0,,,,15:09:54.293+0300,276.01224,0.3272928,103.7542,,,,
15:09:54.305+0300,16.135,-0.175,0.0,,,,15:09:54.308+0300,0.05868512,9.767512,0.87328917,,,,15:09:54.309+0300,0.0,1.0,5.0,,,,15:09:54.312+0300,274.72363,0.35110214,103.73811,,,,
15:09:54.325+0300,21.28,0.665,0.035,,,,15:09:54.326+0300,0.061242115,9.778612,0.73851126,,,,15:09:54.328+0300,2.0,-4.0,-1.0,,,,15:09:54.330+0300,274.33368,0.35883096,103.72654,,,,
15:09:54.344+0300,22.854998,0.805,0.28,,,,15:09:54.346+0300,0.06426059,9.787703,0.60593647,,,,15:09:54.349+0300,3.0,0.0,0.0,,,,15:09:54.351+0300,273.56226,0.37616667,103.6886,,,,
15:09:54.365+0300,27.055,0.28,0.63,,,,15:09:54.366+0300,0.06804098,9.794401,0.48527533,,,,15:09:54.367+0300,1.0,3.0,12.0,,,,15:09:54.369+0300,272.864,0.39802313,103.644775,,,,
15:09:54.385+0300,30.45,-0.42000002,0.525,,,,15:09:54.387+0300,0.0704042,9.798879,0.3839169,,,,15:09:54.391+0300,0.0,-1.0,0.0,,,,15:09:54.392+0300,272.28113,0.41165876,103.624016,,,,
15:09:54.404+0300,31.219997,-0.24499999,0.525,,,,15:09:54.408+0300,0.07291385,9.802483,0.27644613,,,,15:09:54.411+0300,-1.0,0.0,5.0,,,,15:09:54.416+0300,271.3673,0.43202013,103.600945,,,,
15:09:54.425+0300,34.510002,0.35,0.63,,,,15:09:54.428+0300,0.07517127,9.8049555,0.16605625,,,,15:09:54.430+0300,-2.0,4.0,15.000001,,,,15:09:54.431+0300,271.06534,0.43925872,103.58169,,,,
15:09:54.444+0300,36.469997,0.63,0.665,,,,15:09:54.446+0300,0.07675708,9.806247,0.04519991,,,,15:09:54.447+0300,-3.0,3.0,5.0,,,,15:09:54.448+0300,270.51965,0.44846585,103.46008,,,,
15:09:54.464+0300,36.364998,0.07,0.42000002,,,,15:09:54.466+0300,0.07861936,9.806011,-0.07994506,,,,15:09:54.467+0300,0.0,5.0,11.0,,,,15:09:54.468+0300,269.346,0.45935717,103.162476,,,,
15:09:54.485+0300,38.605,-0.28,0.48999998,,,,15:09:54.486+0300,0.080115445,9.804191,-0.20456046,,,,15:09:54.487+0300,1.0,1.0,17.0,,,,15:09:54.492+0300,268.7167,0.46818504,103.06437,,,,
15:09:54.504+0300,38.745,-0.42000002,0.665,,,,15:09:54.509+0300,0.08193769,9.800567,-0.33550036,,,,15:09:54.512+0300,1.0,1.0,10.0,,,,15:09:54.513+0300,267.57617,0.4864154,102.99269,,,,
15:09:54.526+0300,38.325,-0.14,0.35,,,,15:09:54.529+0300,0.08380232,9.795054,-0.46935648,,,,15:09:54.530+0300,1.0,3.0,20.0,,,,15:09:54.531+0300,267.21344,0.49018636,102.979706,,,,
15:09:54.545+0300,39.235,0.48999998,0.665,,,,15:09:54.546+0300,0.08618512,9.788282,-0.59373045,,,,15:09:54.548+0300,2.0,0.0,22.0,,,,15:09:54.549+0300,266.49268,0.50447226,102.93696,,,,
15:09:54.564+0300,37.800003,0.48999998,0.595,,,,15:09:54.566+0300,0.08835048,9.780053,-0.7163591,,,,15:09:54.567+0300,0.0,1.0,15.000001,,,,15:09:54.568+0300,265.77924,0.5175812,102.89342,,,,
15:09:54.584+0300,36.015,-0.14,0.56,,,,15:09:54.586+0300,0.09068945,9.771044,-0.8299913,,,,15:09:54.587+0300,1.0,4.0,25.0,,,,15:09:54.590+0300,265.116,0.5317727,102.85237,,,,
15:09:54.604+0300,35.805,-0.315,0.7,,,,15:09:54.608+0300,0.09296616,9.761426,-0.93611705,,,,15:09:54.611+0300,0.0,0.0,23.0,,,,15:09:54.612+0300,264.49536,0.54565877,102.826614,,,,
15:09:54.626+0300,32.585003,-0.035,0.42000002,,,,15:09:54.628+0300,0.095117785,9.751316,-1.0359493,,,,15:09:54.631+0300,-1.0,0.0,17.0,,,,15:09:54.633+0300,263.91055,0.55886555,102.801155,,,,
15:09:54.644+0300,31.255,-0.24499999,0.56,,,,15:09:54.647+0300,0.096810274,9.741193,-1.127029,,,,15:09:54.650+0300,-3.0,-1.0,29.0,,,,15:09:54.652+0300,263.37634,0.5694002,102.7816,,,,
15:09:54.665+0300,29.435,0.35,0.38499996,,,,15:09:54.668+0300,0.09831308,9.731719,-1.2059727,,,,15:09:54.669+0300,-1.0,-3.0,21.0,,,,15:09:54.671+0300,262.91263,0.5788014,102.75507,,,,
15:09:54.685+0300,26.145,0.45499995,0.175,,,,15:09:54.687+0300,0.09889731,9.723789,-1.2682757,,,,15:09:54.688+0300,-2.0,0.0,21.0,,,,15:09:54.691+0300,262.54654,0.58271545,102.73828,,,,
15:09:54.704+0300,22.47,0.07,0.105000004,,,,15:09:54.707+0300,0.09885171,9.71743,-1.3161335,,,,15:09:54.710+0300,3.0,-2.0,26.0,,,,15:09:54.712+0300,262.26538,0.58282804,102.73733,,,,
15:09:54.727+0300,20.265,-0.07,0.38499996,,,,15:09:54.729+0300,0.09935265,9.712171,-1.3543571,,,,15:09:54.732+0300,3.0,-2.0,18.0,,,,15:09:54.733+0300,262.0403,0.58609855,102.731445,,,,
15:09:54.745+0300,13.685,0.175,0.035,,,,15:09:54.748+0300,0.09978198,9.708703,-1.3789579,,,,15:09:54.749+0300,-2.0,-1.0,18.0,,,,15:09:54.750+0300,261.89532,0.58884126,102.72647,,,,
15:09:54.764+0300,11.76,0.24499999,0.035,,,,15:09:54.766+0300,0.10018676,9.707355,-1.3883868,,,,15:09:54.768+0300,1.0,-3.0,25.0,,,,15:09:54.769+0300,261.83963,0.591312,102.715034,,,,
15:09:54.784+0300,8.89,0.38499996,0.0,,,,15:09:54.786+0300,0.1005477,9.707468,-1.3875709,,,,15:09:54.787+0300,-3.0,-2.0,13.0,,,,15:09:54.791+0300,261.8443,0.5934351,102.701294,,,,
15:09:54.805+0300,1.61,-0.14,-0.175,,,,15:09:54.809+0300,0.1006649,9.709356,-1.374294,,,,15:09:54.812+0300,0.0,0.0,14.0,,,,15:09:54.815+0300,261.9963,0.5914014,102.70062,,,,
15:09:54.825+0300,0.0,-0.45499995,-0.035,,,,15:09:54.828+0300,0.09993951,9.713217,-1.3467723,,,,15:09:54.830+0300,-1.0,-2.0,19.0,,,,15:09:54.833+0300,262.08456,0.5894968,102.70797,,,,
15:09:54.845+0300,-3.78,-0.24499999,-0.35,,,,15:09:54.847+0300,0.098667294,9.718269,-1.3099358,,,,15:09:54.851+0300,0.0,-3.0,8.0,,,,15:09:54.852+0300,262.3019,0.58169055,102.72752,,,,
15:09:54.864+0300,-8.96,-0.105000004,-0.56,,,,15:09:54.867+0300,0.09663813,9.724957,-1.25946,,,,15:09:54.868+0300,-1.0,-3.0,14.0,,,,15:09:54.870+0300,262.5993,0.56933665,102.75442,,,,
15:09:54.885+0300,-12.915,0.42000002,-0.42000002,,,,15:09:54.886+0300,0.09496932,9.738084,-1.1537305,,,,15:09:54.887+0300,2.0,-1.0,7.0,,,,15:09:54.888+0300,263.22067,0.55875146,102.76333,,,,
15:09:54.905+0300,-14.84,0.38499996,-0.315,,,,15:09:54.910+0300,0.094003394,9.752796,-1.0220313,,,,15:09:54.912+0300,0.0,0.0,-6.0,,,,15:09:54.913+0300,263.9926,0.55223465,102.76183,,,,
15:09:54.924+0300,-20.125,-0.07,-0.315,,,,15:09:54.926+0300,0.093328856,9.759051,-0.9605232,,,,15:09:54.930+0300,2.0,0.0,2.0,,,,15:09:54.931+0300,264.71222,0.54783344,102.76328,,,,
15:09:54.945+0300,-21.875,-0.63,-0.56,,,,15:09:54.947+0300,0.09260405,9.775065,-0.78096336,,,,15:09:54.949+0300,0.0,-1.0,-2.0,,,,15:09:54.950+0300,265.40027,0.54277515,102.7827,,,,
15:09:54.965+0300,-25.13,-0.175,-0.7699999,,,,15:09:54.967+0300,0.09055881,9.782907,-0.6759534,,,,15:09:54.968+0300,-1.0,2.0,-11.0,,,,15:09:54.969+0300,266.01218,0.5303627,102.81791,,,,
15:09:54.984+0300,-29.224998,0.38499996,-0.665,,,,15:09:54.986+0300,0.08949527,9.786156,-0.62734514,,,,15:09:54.987+0300,1.0,0.0,0.0,,,,15:09:54.989+0300,266.59674,0.5178266,102.84587,,,,
15:09:55.006+0300,-30.309998,0.38499996,-0.665,,,,15:09:55.011+0300,0.08673662,9.795014,-0.46963412,,,,15:09:55.013+0300,0.0,3.0,-10.0,,,,15:09:55.014+0300,267.2086,0.5073512,102.865486,,,,
15:09:55.025+0300,-33.144997,0.14,-0.595,,,,15:09:55.027+0300,0.084698394,9.799726,-0.35859892,,,,15:09:55.029+0300,0.0,0.0,-12.0,,,,15:09:55.030+0300,267.84677,0.4951914,102.90004,,,,
15:09:55.044+0300,-35.454998,-0.56,-0.945,,,,15:09:55.047+0300,0.08170126,9.803428,-0.23774844,,,,15:09:55.049+0300,0.0,1.0,-4.0,,,,15:09:55.050+0300,268.53113,0.47748896,102.9731,,,,
15:09:55.064+0300,-35.454998,-0.56,-0.805,,,,15:09:55.065+0300,0.07979104,9.804851,-0.17016192,,,,15:09:55.067+0300,0.0,0.0,-8.0,,,,15:09:55.067+0300,269.2119,0.45820948,103.089775,,,,
15:09:55.085+0300,-37.66,0.14,-0.735,,,,15:09:55.086+0300,0.07731646,9.806231,-0.047833767,,,,15:09:55.087+0300,1.0,1.0,-19.0,,,,15:09:55.088+0300,270.455,0.44465896,103.29409,,,,
15:09:55.104+0300,-38.325,0.87499994,-0.945,,,,15:09:55.105+0300,0.07501695,9.806028,0.08107377,,,,15:09:55.109+0300,0.0,5.0,-10.0,,,,15:09:55.109+0300,270.6453,0.4383091,103.46661,,,,
15:09:55.125+0300,-37.554996,0.035,-0.87499994,,,,15:09:55.126+0300,0.07196166,9.804055,0.21385786,,,,15:09:55.127+0300,3.0,0.0,-19.0,,,,15:09:55.128+0300,271.31805,0.42054287,103.52317,,,,
15:09:55.144+0300,-38.57,-0.315,-1.05,,,,15:09:55.144+0300,0.06925065,9.800435,0.34212884,,,,15:09:55.145+0300,2.0,3.0,-23.0,,,,15:09:55.145+0300,272.0399,0.40484974,103.55308,,,,
15:09:55.164+0300,-37.38,-0.45499995,-0.87499994,,,,15:09:55.165+0300,0.06635259,9.795454,0.46377897,,,,15:09:55.165+0300,2.0,3.0,-14.0,,,,15:09:55.166+0300,272.7381,0.38810503,103.58867,,,,
15:09:55.184+0300,-35.385,-0.035,-0.595,,,,15:09:55.185+0300,0.064972825,9.789432,0.5772528,,,,15:09:55.185+0300,0.0,-1.0,-24.0,,,,15:09:55.186+0300,273.39575,0.38026866,103.6127,,,,
15:09:55.204+0300,-35.454998,0.24499999,-0.7699999,,,,15:09:55.205+0300,0.06377397,9.782707,0.68187404,,,,15:09:55.207+0300,1.0,2.0,-26.0,,,,15:09:55.209+0300,274.30292,0.368544,103.62901,,,,
15:09:55.224+0300,-32.655003,0.28,-0.735,,,,15:09:55.225+0300,0.062228203,9.77525,0.7816648,,,,15:09:55.226+0300,1.0,-2.0,-18.0,,,,15:09:55.227+0300,274.5862,0.36473387,103.6319,,,,
15:09:55.244+0300,-29.715,0.035,-0.735,,,,15:09:55.244+0300,0.06076193,9.767941,0.8683365,,,,15:09:55.245+0300,2.0,0.0,-28.0,,,,15:09:55.245+0300,275.09244,0.35640645,103.640564,,,,
15:09:55.264+0300,-28.63,-0.28,-0.525,,,,15:09:55.265+0300,0.05946166,9.7610235,0.94303375,,,,15:09:55.265+0300,0.0,0.0,-24.0,,,,15:09:55.265+0300,275.5291,0.34902692,103.65679,,,,
15:09:55.284+0300,-24.639997,-0.14,-0.42000002,,,,15:09:55.285+0300,0.058832712,9.754341,1.0098399,,,,15:09:55.285+0300,-1.0,-3.0,-17.0,,,,15:09:55.285+0300,275.9205,0.3455718,103.67224,,,,
15:09:55.304+0300,-21.49,0.105000004,-0.805,,,,15:09:55.305+0300,0.058114044,9.748475,1.0650158,,,,15:09:55.305+0300,-1.0,-2.0,-28.0,,,,15:09:55.306+0300,276.24396,0.34155598,103.68266,,,,
15:09:55.324+0300,-19.144999,0.28,-0.48999998,,,,15:09:55.325+0300,0.056666475,9.744184,1.1036615,,,,15:09:55.326+0300,1.0,-1.0,-21.0,,,,15:09:55.326+0300,276.47043,0.333195,103.69246,,,,
15:09:55.345+0300,-14.244999,0.07,-0.48999998,,,,15:09:55.347+0300,0.055336103,9.740612,1.1348206,,,,15:09:55.349+0300,1.0,-4.0,-18.0,,,,15:09:55.350+0300,276.653,0.325492,103.69912,,,,
15:09:55.365+0300,-10.745,-0.07,-0.56,,,,15:09:55.366+0300,0.054679684,9.739322,1.1458733,,,,15:09:55.368+0300,3.0,0.0,-26.0,,,,15:09:55.368+0300,276.71777,0.32167354,103.7063,,,,
15:09:55.384+0300,-7.5950003,-0.07,-0.175,,,,15:09:55.386+0300,0.054816462,9.739266,1.1463375,,,,15:09:55.387+0300,1.0,-3.0,-14.0,,,,15:09:55.388+0300,276.72052,0.32248002,103.71115,,,,
15:09:55.404+0300,-2.4149997,0.07,-0.14,,,,15:09:55.406+0300,0.055394262,9.740504,1.1357507,,,,15:09:55.409+0300,0.0,-2.0,-15.000001,,,,15:09:55.413+0300,276.65848,0.32583767,103.71157,,,,
15:09:55.425+0300,0.28,0.0,-0.07,,,,15:09:55.428+0300,0.056105334,9.743527,1.1094629,,,,15:09:55.430+0300,0.0,-1.0,-19.0,,,,15:09:55.433+0300,276.4132,0.33261618,103.70442,,,,
15:09:55.444+0300,4.865,0.21000001,-0.21000001,,,,15:09:55.448+0300,0.0570131,9.747407,1.0748096,,,,15:09:55.449+0300,-1.0,-2.0,-10.0,,,,15:09:55.453+0300,276.17374,0.33524862,103.69449,,,,
15:09:55.466+0300,9.835,-0.28,0.175,,,,15:09:55.469+0300,0.057361178,9.752533,1.0272335,,,,15:09:55.471+0300,-2.0,-2.0,-10.0,,,,15:09:55.473+0300,275.8509,0.3406676,103.689095,,,,
15:09:55.484+0300,11.549999,-0.315,-0.035,,,,15:09:55.485+0300,0.059428927,9.763213,0.9200784,,,,15:09:55.487+0300,1.0,1.0,-9.0,,,,15:09:55.488+0300,275.3947,0.34875655,103.683464,,,,
15:09:55.504+0300,16.135,-0.24499999,-0.14,,,,15:09:55.506+0300,0.061459262,9.774779,0.78759766,,,,15:09:55.508+0300,-1.0,0.0,7.0,,,,15:09:55.511+0300,274.62054,0.36024445,103.67545,,,,
15:09:55.525+0300,20.265,0.315,0.07,,,,15:09:55.528+0300,0.06341127,9.783843,0.66542614,,,,15:09:55.530+0300,4.0,-1.0,-2.0,,,,15:09:55.531+0300,273.90836,0.37134153,103.6621,,,,
15:09:55.544+0300,21.875,0.665,0.21000001,,,,15:09:55.546+0300,0.06606208,9.791295,0.5445762,,,,15:09:55.548+0300,1.0,-1.0,4.0,,,,15:09:55.549+0300,273.20673,0.38657,103.63181,,,,
15:09:55.565+0300,26.109999,0.175,0.42000002,,,,15:09:55.567+0300,0.06887042,9.79668,0.4366928,,,,15:09:55.570+0300,1.0,-1.0,11.0,,,,15:09:55.571+0300,272.58377,0.40278125,103.599686,,,,
15:09:55.584+0300,28.14,-0.14,0.35,,,,15:09:55.586+0300,0.07056933,9.800676,0.33488604,,,,15:09:55.588+0300,0.0,2.0,-1.0,,,,15:09:55.589+0300,271.99997,0.41254854,103.58333,,,,
15:09:55.604+0300,30.275,-0.315,0.38499996,,,,15:09:55.606+0300,0.07164982,9.803622,0.23289399,,,,15:09:55.610+0300,2.0,1.0,10.0,,,,15:09:55.612+0300,271.42383,0.41873902,103.57563,,,,
15:09:55.624+0300,31.710001,-0.14,0.28,,,,15:09:55.626+0300,0.07243366,9.804718,0.18067221,,,,15:09:55.629+0300,-1.0,1.0,13.0,,,,15:09:55.631+0300,270.84882,0.4265928,103.550606,,,,
15:09:55.645+0300,34.195,0.07,0.45499995,,,,15:09:55.647+0300,0.0749924,9.806359,0.009628245,,,,15:09:55.649+0300,0.0,5.0,4.0,,,,15:09:55.651+0300,270.441,0.43815082,103.30482,,,,
15:09:55.664+0300,34.23,0.315,0.35,,,,15:09:55.666+0300,0.07676146,9.805765,-0.107120655,,,,15:09:55.668+0300,-2.0,1.0,15.000001,,,,15:09:55.669+0300,269.23026,0.4485135,103.13179,,,,
15:09:55.684+0300,37.135,-0.14,0.525,,,,15:09:55.686+0300,0.07801701,9.803698,-0.22763328,,,,15:09:55.688+0300,1.0,3.0,18.0,,,,15:09:55.689+0300,268.59387,0.4559455,103.05438,,,,
15:09:55.705+0300,36.435,-0.105000004,0.595,,,,15:09:55.706+0300,0.07984072,9.799966,-0.353143,,,,15:09:55.711+0300,-1.0,1.0,10.0,,,,15:09:55.712+0300,267.88437,0.46678072,103.0092,,,,
15:09:55.725+0300,36.084995,0.105000004,0.45499995,,,,15:09:55.727+0300,0.08156828,9.794939,-0.4721464,,,,15:09:55.728+0300,1.0,3.0,21.0,,,,15:09:55.730+0300,267.19962,0.47712496,102.975555,,,,
15:09:55.744+0300,37.345,0.28,0.56,,,,15:09:55.747+0300,0.083909,9.78854,-0.58977735,,,,15:09:55.748+0300,0.0,3.0,21.0,,,,15:09:55.749+0300,266.51736,0.49113697,102.93308,,,,
15:09:55.764+0300,36.469997,0.45499995,0.315,,,,15:09:55.767+0300,0.085751995,9.780356,-0.71251523,,,,15:09:55.768+0300,2.0,-2.0,17.0,,,,15:09:55.769+0300,265.80334,0.50234383,102.89666,,,,
15:09:55.784+0300,34.159996,0.315,0.45499995,,,,15:09:55.786+0300,0.08751871,9.772087,-0.81794894,,,,15:09:55.787+0300,1.0,-1.0,28.0,,,,15:09:55.788+0300,265.18817,0.5131267,102.86441,,,,
15:09:55.805+0300,34.09,-0.21000001,0.42000002,,,,15:09:55.807+0300,0.088704415,9.767717,-0.8684575,,,,15:09:55.810+0300,0.0,3.0,21.0,,,,15:09:55.811+0300,264.61047,0.5255216,102.838974,,,,
15:09:55.824+0300,31.674997,-0.24499999,0.7,,,,15:09:55.828+0300,0.09241437,9.754055,-1.0100843,,,,15:09:55.830+0300,-4.0,0.0,18.0,,,,15:09:55.832+0300,264.0633,0.54283017,102.804146,,,,
15:09:55.844+0300,28.945,-0.07,0.45499995,,,,15:09:55.846+0300,0.09443273,9.745569,-1.0887597,,,,15:09:55.847+0300,-2.0,-2.0,29.0,,,,15:09:55.848+0300,263.6018,0.5551679,102.77961,,,,
15:09:55.864+0300,27.965,0.24499999,0.48999998,,,,15:09:55.866+0300,0.095549166,9.737368,-1.1597213,,,,15:09:55.867+0300,-2.0,-1.0,20.0,,,,15:09:55.869+0300,263.18533,0.5622041,102.76209,,,,
15:09:55.884+0300,24.359999,0.175,0.105000004,,,,15:09:55.886+0300,0.09557693,9.729971,-1.2202158,,,,15:09:55.888+0300,1.0,-3.0,20.0,,,,15:09:55.889+0300,262.83032,0.562795,102.75799,,,,
15:09:55.905+0300,20.965,-0.035,0.24499999,,,,15:09:55.907+0300,0.096095696,9.723757,-1.2687533,,,,15:09:55.912+0300,-1.0,1.0,27.000002,,,,15:09:55.914+0300,262.54507,0.56621104,102.74887,,,,
15:09:55.925+0300,18.654999,0.14,0.21000001,,,,15:09:55.927+0300,0.0960992,9.721213,-1.2880816,,,,15:09:55.928+0300,3.0,-5.0,19.0,,,,15:09:55.930+0300,262.4314,0.56637985,102.750435,,,,
15:09:55.945+0300,14.525,-0.035,-0.035,,,,15:09:55.947+0300,0.09670535,9.715867,-1.3277731,,,,15:09:55.949+0300,2.0,-2.0,21.0,,,,15:09:55.950+0300,262.1978,0.5702657,102.74109,,,,
15:09:55.964+0300,10.429999,0.07,0.035,,,,15:09:55.965+0300,0.09650486,9.715164,-1.332928,,,,15:09:55.967+0300,0.0,-1.0,22.0,,,,15:09:55.968+0300,262.14447,0.57052314,102.737335,,,,
15:09:55.984+0300,8.26,0.28,-0.21000001,,,,15:09:55.985+0300,0.09711247,9.714569,-1.3372008,,,,15:09:55.986+0300,1.0,-1.0,16.0,,,,15:09:55.987+0300,262.14862,0.5722564,102.725105,,,,
15:09:56.005+0300,2.7299998,-0.14,0.105000004,,,,15:09:56.006+0300,0.0972624,9.715461,-1.3307045,,,,15:09:56.010+0300,-2.0,-1.0,15.000001,,,,15:09:56.011+0300,262.23773,0.57525164,102.714615,,,,
15:09:56.025+0300,-0.735,-0.175,-0.035,,,,15:09:56.029+0300,0.09778789,9.720623,-1.2924182,,,,15:09:56.030+0300,-2.0,-1.0,16.0,,,,15:09:56.032+0300,262.40524,0.5763668,102.712906,,,,
15:09:56.045+0300,-4.2,-0.42000002,-0.28,,,,15:09:56.046+0300,0.097381935,9.722834,-1.2757132,,,,15:09:56.048+0300,0.0,-3.0,8.0,,,,15:09:56.049+0300,262.618,0.5705763,102.72881,,,,
15:09:56.064+0300,-8.994999,-0.175,-0.24499999,,,,15:09:56.066+0300,0.09635931,9.728278,-1.233578,,,,15:09:56.068+0300,-1.0,-1.0,16.0,,,,15:09:56.069+0300,262.9086,0.56444174,102.74295,,,,
15:09:56.085+0300,-11.654999,0.45499995,-0.21000001,,,,15:09:56.086+0300,0.09495588,9.7405405,-1.1328105,,,,15:09:56.088+0300,1.0,-2.0,0.0,,,,15:09:56.089+0300,263.7367,0.5566513,102.7451,,,,
15:09:56.105+0300,-14.84,0.45499995,-0.315,,,,15:09:56.106+0300,0.09426351,9.754516,-1.0054531,,,,15:09:56.111+0300,-1.0,-2.0,-11.0,,,,15:09:56.113+0300,264.42056,0.55086076,102.7414,,,,
15:09:56.124+0300,-19.6,0.0,-0.525,,,,15:09:56.128+0300,0.09312252,9.765526,-0.8923457,,,,15:09:56.129+0300,3.0,1.0,4.0,,,,15:09:56.131+0300,265.08435,0.54297113,102.75382,,,,
15:09:56.144+0300,-21.63,-0.28,-0.735,,,,15:09:56.146+0300,0.092265025,9.775168,-0.77972823,,,,15:09:56.150+0300,0.0,0.0,-6.0,,,,15:09:56.151+0300,265.72235,0.5358609,102.7735,,,,
15:09:56.164+0300,-24.535,-0.35,-0.87499994,,,,15:09:56.167+0300,0.089914955,9.78647,-0.6223352,,,,15:09:56.168+0300,2.0,0.0,-11.0,,,,15:09:56.169+0300,266.32367,0.5264005,102.801285,,,,
15:09:56.184+0300,-28.21,0.35,-0.665,,,,15:09:56.186+0300,0.0889654,9.78936,-0.5752531,,,,15:09:56.187+0300,0.0,0.0,-1.0,,,,15:09:56.189+0300,266.88504,0.5146261,102.82702,,,,
15:09:56.204+0300,-28.385,0.24499999,-0.63,,,,15:09:56.206+0300,0.087058105,9.794723,-0.47563073,,,,15:09:56.213+0300,0.0,2.0,-11.0,,,,15:09:56.215+0300,267.4585,0.5034472,102.854904,,,,
15:09:56.224+0300,-31.85,-0.07,-0.735,,,,15:09:56.227+0300,0.08514614,9.799107,-0.375017,,,,15:09:56.229+0300,0.0,0.0,-14.0,,,,15:09:56.231+0300,267.75247,0.49784043,102.87186,,,,
15:09:56.244+0300,-34.159996,-0.45499995,-0.7,,,,15:09:56.248+0300,0.08263854,9.802776,-0.26299337,,,,15:09:56.252+0300,-1.0,1.0,-5.0,,,,15:09:56.255+0300,268.7141,0.47596648,102.96692,,,,
15:09:56.265+0300,-33.670002,-0.48999998,-1.085,,,,15:09:56.267+0300,0.078845866,9.805925,-0.0896037,,,,15:09:56.269+0300,-1.0,0.0,-16.0,,,,15:09:56.270+0300,269.30338,0.46068454,103.07638,,,,
15:09:56.284+0300,-35.84,0.315,-0.84000003,,,,15:09:56.285+0300,0.0770698,9.806299,-0.030958034,,,,15:09:56.287+0300,1.0,2.0,-18.0,,,,15:09:56.288+0300,270.4723,0.44214487,103.3345,,,,
15:09:56.305+0300,-36.68,0.56,-1.015,,,,15:09:56.306+0300,0.07412001,9.805949,0.090983756,,,,15:09:56.311+0300,0.0,4.0,-13.0,,,,15:09:56.312+0300,270.9832,0.42325997,103.49529,,,,
15:09:56.325+0300,-35.245,0.105000004,-1.155,,,,15:09:56.328+0300,0.070901334,9.804139,0.21035598,,,,15:09:56.329+0300,5.0,2.0,-26.0,,,,15:09:56.331+0300,271.64783,0.4028201,103.53054,,,,
15:09:56.344+0300,-36.539997,-0.175,-0.63,,,,15:09:56.346+0300,0.06726269,9.80082,0.33138475,,,,15:09:56.348+0300,2.0,0.0,-20.0,,,,15:09:56.349+0300,272.30664,0.38863766,103.557014,,,,

